source	interaction	target
MAPK14	1	MAPKAPK2
NUMB	0	NOTCH1
JAG2	0	NOTCH1
DLL1	1	NOTCH1
AKT1	1	CHUK
CHUK	0	NFKB1
CDKN1A	-1	CDK1
TERF2	-1	ATM
IGF1	1	IGF1R
USP7	1	MDM2
MDC1	1	RNF8
BACE1	1	APP
PTEN	-1	PREX2
PREX2	-1	PTEN
PTPRD	-1	STAT3
PEBP1	0	RAF1
FBXW7	0	MYC
PAK1	1	PXN
MAP2K4	1	MAPK8
TIAM1	1	RAC1
DAPK1	-1	CAMKK2
PLCE1	0	HRAS
MAPK14	1	MAPKAPK5
MAPKAPK5	1	TP53
ATG4B	0	MAP1LC3B
TOPBP1	1	ATR
TIRAP	1	MYD88
PDPK1	1	PRKCG
RALGDS	1	RALA
RALBP1	0	RAC1
JAG1	0	NOTCH1
KIT	1	GRB2
ERBB2	1	GRB2
AKT2	0	CDKN1A
AKT1	0	CDKN1B
PRKCG	1	RAF1
SFRP1	0	WNT1
BBC3	-1	MCL1
MCL1	-1	BAK1
MTOR	-1	ULK1
RHEB	1	MTOR
TSC2	0	RHEB
TSC2	0	TSC1
ATG7	1	MAP1LC3B
AKT1	-1	TSC2
MAP1LC3B	1	ATG3
ATG3	1	MAP1LC3B
CASP8	1	CASP3
BCL2L1	0	APAF1
DAPK1	1	TP53
PRKCI	-1	BAD
MAPK8	0	BCL2
BBC3	1	BAX
HRK	-1	BCL2L1
HRK	-1	BCL2
RHEB	-1	FKBP8
FKBP8	-1	MTOR
MAP2K1	1	MAPK3
MAPK3	1	RPS6KA3
MAPK1	1	RPS6KA1
MAPK1	1	RPS6KA3
MAPK1	1	DAPK1
DAPK1	-1	MAPK1
PTPRF	1	DAPK1
RAF1	1	MAP2K1
ATM	1	MDC1
CHEK1	0	WEE1
WNT5A	0	FZD2
AKT1	0	CDKN1A
SUMO1	1	PML
MAPKAPK2	-1	CDC25A
CHEK1	-1	CDC25B
ATR	1	RBBP8
CDK1	1	E2F1
MAP3K8	1	MAP3K14
IKBKB	-1	TSC1
MAP3K8	1	MAP2K4
BCL10	1	IKBKG
MAP3K14	1	IKBKB
TP53	-1	BIRC5
IL22	1	IL10RB
MAPKAPK2	0	TSC2
JAK2	1	STAT3
CHEK2	0	TP53
NFKB1	-1	MAP3K8
ATM	1	STK11
HIPK2	1	TP53
MAP3K7	1	IKBKB
ATM	1	ABL1
TRAF2	1	BIRC2
BIRC2	-1	TRAF2
IL10	1	IL10RA
JAK1	1	IRS1
INSR	0	IRS2
TRAF2	0	MAP3K14
IFIH1	0	MAVS
TICAM1	1	RIPK1
TICAM1	1	TBK1
IFNG	1	IFNGR1
DAPK3	1	CDKN1A
ZDHHC9	1	HRAS
ZDHHC9	1	NRAS
FLT3LG	1	FLT3
KITLG	1	KIT
IGF2	1	IGF1R
SMG1	1	TP53
TLR4	1	TIRAP
TLR4	1	TICAM2
TICAM2	1	TICAM1
TRAF6	1	MAP3K7
TICAM1	1	TRAF6
TLR3	1	TICAM1
MYD88	1	IRAK4
CARD8	-1	CASP9
TP53	-1	BCL2
RPS6KA3	-1	BAD
CDK1	1	BIRC5
GSK3B	1	AXIN1
GSK3B	1	LRP6
MAPK8	-1	YWHAZ
CHEK2	-1	CDC25A
PLK1	0	WEE1
CDK5	0	PRKN
CSNK1A1	0	CTNNB1
CSNK1A1	-1	CDC25A
CHEK1	1	TP53
ATR	1	E2F1
DDB2	1	E2F1
ATM	0	MDM2
SGK1	0	FOXO3
AKT1	0	FOXO1
PLK3	1	TP53
GSK3B	0	CCND1
GSK3B	0	MYC
IKBKB	-1	IKBKG
IKBKG	1	IKBKB
CHEK1	0	CDC25A
CASP6	1	CASP8
CASP8	1	CASP6
CDK1	1	CSNK2B
DYRK2	1	TP53
MAVS	0	TBK1
TNFRSF10A	1	FADD
APIP	-1	APAF1
CASP1	0	IL1B
BID	1	BAK1
BID	1	BAX
XIAP	-1	DIABLO
DIABLO	0	XIAP
CDK1	0	WEE1
WEE1	-1	CDK1
MAP2K2	1	MAPK3
MAPK8	0	IRS1
MAPK8	1	MAPK8IP1
MAPK8IP1	0	MAPK8
MAPK1	0	MAP2K1
MAP2K1	1	MAPK1
PPM1D	-1	ATM
CCL5	1	CCR5
CCL8	1	CCR5
CCL4	1	CCR5
IL6	1	IL6ST
PPM1D	0	CHEK2
DIABLO	0	BIRC2
DIABLO	0	BIRC3
BIRC5	-1	DIABLO
DIABLO	-1	BIRC5
FADD	1	RIPK1
HTRA2	-1	XIAP
ATG4B	0	GABARAP
CASP3	-1	IKBKB
ATG4B	1	GABARAPL2
ATM	0	IKBKG
ATM	1	H2AX
H2AX	1	MDC1
BIRC5	-1	CASP9
EGFR	1	GRB2
GRB2	1	EGFR
CASP3	1	ROCK1
TRAF6	1	TAB2
TAB1	1	MAP3K7
BIRC3	-1	CASP9
BIRC6	-1	CASP3
TAB2	1	MAP3K7
MAP3K5	1	DAXX
DAXX	1	MAP3K5
DAXX	-1	FAS
SQSTM1	1	WDFY3
BCL2L2	-1	BAK1
CASP7	-1	PARP1
EGF	1	EGFR
BCL2L2	-1	BAX
TRAF2	1	MAP3K5
RPS6KA1	-1	TSC2
MAPK3	-1	TSC2
IL1A	1	IL1R1
BAK1	1	HTRA2
BAD	-1	BCL2L2
BBC3	-1	BCL2L2
BCL2L11	-1	BCL2L2
BCL2L11	-1	BCL2
BID	-1	BCL2L1
BCL2L11	-1	BCL2L1
BCL2	-1	BAK1
BCL2L11	1	BAK1
BCL2L1	-1	BAK1
TRAF2	1	RIPK1
TRADD	1	RIPK1
EGLN1	0	HIF1A
EGLN3	0	HIF1A
EGLN2	0	HIF1A
PALB2	1	BRCA1
CREBBP	1	MYB
DKK1	0	LRP6
WNT5A	1	FZD5
FRAT1	0	GSK3B
FRAT2	-1	GSK3B
CSNK2A1	1	CTNNB1
PPM1D	-1	H2AX
RB1	-1	E2F1
DDX5	0	TP53
DDX5	1	HDAC1
IKBKE	0	NFKBIA
JAK1	0	STAT3
PLK1	-1	PKMYT1
PKMYT1	0	PLK1
CHUK	0	NFKB2
TNFSF14	1	LTBR
CD40LG	1	CD40
LTA	1	TNFRSF1A
LTB	1	LTBR
BCL3	1	NFKB2
BCL3	1	NFKB1
CDK2	0	FOXO1
EP300	0	TP53
NRG1	1	ERBB2
CD40	1	TRAF2
AKT1	0	FOXO3
AKT1	0	FOXO4
SIRT1	0	FOXO1
AKT1	1	EP300
CHUK	1	CREBBP
APC2	0	CTNNB1
TRAF2	1	MAP3K7
GSK3B	-1	CTNNB1
MAPK3	-1	BCL2L11
MAPK1	-1	BCL2L11
CASP8	1	CASP7
CASP8	1	BID
NGF	1	NTRK1
CASP9	1	CASP7
MAPK3	1	CEBPB
MAPK1	0	CEBPB
BNIP3	-1	RHEB
CSNK1A1	1	CREB1
BCL2L1	0	BAD
BAD	0	BCL2L1
CASP3	1	CASP6
SIRT1	0	FOXO3
BAD	0	BCL2
BCL2	-1	BAX
BAX	-1	BCL2
BCL2L1	-1	BAX
IL4R	1	JAK1
RPS6KA4	1	FOS
IL4	1	IL4R
NEK11	-1	CDC25A
IL3RA	1	JAK2
PDPK1	1	PRKCA
PIAS4	0	STAT1
STAT6	1	GATA3
MAPK3	1	RPS6KA5
IKBKB	0	NFKB1
MAP3K8	1	MAP2K1
MAP3K8	1	MAP2K2
SGK1	0	FOXO1
CDK1	1	KAT5
DDX58	0	MAVS
TBK1	1	IRF3
MAPK8	1	JUN
MAP2K6	1	MAPK11
HSPA5	-1	ERN1
HSPA5	-1	ATF6
GHR	1	JAK2
PRLR	1	JAK2
JAK2	1	LEPR
LEPR	1	JAK2
IL5RA	1	JAK2
CRTC2	1	CREB1
CREBBP	1	CREB1
CSNK1E	1	DVL1
RPS6KA4	1	CREB1
GZMA	-1	SET
SIRT1	-1	RELA
SET	-1	NME1
TGFA	1	EGFR
EGFR	1	SRC
SRC	1	EGFR
MAPK11	1	ATF2
PPM1D	0	MDM2
RPS6KB1	-1	MTOR
MTOR	1	RPS6KB1
ITCH	-1	CFLAR
GRB2	1	SOS1
AURKA	1	BRCA1
ATM	1	ATF2
RPS6KA4	1	RELA
PDPK1	1	AKT1
CTNNB1	1	EP300
CHD8	-1	CTNNB1
CSNK1A1	1	AXIN1
SIRT1	1	NCOR2
FBXW7	0	NOTCH1
CTNNB1	1	TCF7L2
MAPKAPK2	1	CREB1
NLK	-1	TCF7L2
PRKCQ	1	CARD11
MAP3K7	1	NLK
CHEK1	0	TLK1
TRAF6	1	TAB1
USP28	0	MYC
TLR2	1	TICAM2
BIRC3	-1	MAP3K14
BIRC2	1	RIPK1
BIRC3	1	RIPK1
BIRC7	-1	DIABLO
MYD88	1	IRAK1
MAPK3	1	HIF1A
MAPK1	1	HIF1A
NF1	0	HRAS
RNF135	1	DDX58
GADD45A	-1	CDK1
CDK1	1	CDC25A
CDC25A	1	CDK1
TRIM28	1	MDM2
CHEK1	1	CLSPN
CLSPN	0	CHEK1
TLR9	1	MYD88
TLR7	1	MYD88
IRAK4	1	IRAK1
ATM	1	E2F1
CDK2	-1	CDKN1A
CDKN1A	-1	CDK2
MAP3K3	1	MAP2K5
APC	0	CTNNB1
ATR	1	ATM
CENPA	1	AURKB
AURKB	1	CENPA
MAPK8	1	ITCH
AURKA	1	CDC25B
CDK1	1	CDC25B
CDC25B	1	CDK1
PLK1	0	CLSPN
PLK1	1	CDC25C
ECT2	1	RHOA
RHOA	1	ROCK1
ATM	1	PRKDC
TXN	-1	MAP3K5
WSB1	-1	HIPK2
ATM	-1	SIAH1
CDK2	-1	RB1
ABL1	1	YAP1
PLK1	0	BORA
BORA	1	PLK1
BUB1	1	PLK1
AURKA	1	PLK1
PTPN2	-1	STAT3
PTPN2	0	STAT1
PTPN2	-1	KDR
NOS1	0	HDAC2
DUSP1	0	MAPK14
MAPK14	1	DUSP1
MAPK14	1	FOS
MAPK14	-1	EGFR
MAPK14	1	USF1
SIRT1	-1	TP53
CDK1	1	CSNK2A1
CSNK2A1	1	CDK1
SRC	1	STAT3
CTNNBIP1	-1	CTNNB1
JAK1	1	STAT5B
HIPK2	1	PML
RNF168	1	H2AX
CDKN2C	0	CDK6
RAD17	1	ATM
ATM	1	RAD17
CDKN2C	-1	CDK4
ATR	0	TP53
MDM2	-1	TP53
NBN	1	ATM
ATM	1	NBN
TP53	1	BAX
BRCA1	1	ATM
ATM	0	BRCA1
ATM	0	TP53
CHEK1	-1	CDC25C
CHEK2	-1	CDC25C
ATM	1	RAD9A
BRCA1	0	RBBP8
RBBP8	0	BRCA1
ATM	1	CHEK2
ATM	0	RBBP8
GSK3B	-1	HSF1
GSK3B	0	CREB1
RELA	0	CREBBP
CREBBP	1	RELA
PPP1R1B	-1	PPP1CA
CDK5	1	ATM
CDK5	-1	CDK5R1
CDK5R1	1	CDK5
CDKN2A	0	CDK6
AKT1	1	NUAK1
NPM1	1	CDKN2A
BAZ1B	1	H2AX
PAK2	0	ABL1
CYCS	1	APAF1
ABL1	1	PRKD1
PRKD1	0	ABL1
ABL1	0	PDGFRB
GNRHR	1	GNAI1
ABL1	1	NCK1
NCK1	0	ABL1
ABL1	1	JAK2
ABL1	0	MDM2
ABL1	1	ESR1
ABL1	1	EGFR
ABL1	-1	DDB2
AURKB	1	INCENP
INCENP	1	AURKB
ABL1	1	CD19
CBL	0	ABL1
PGR	0	ESR1
STK4	1	FOXO3
AURKB	-1	BIRC5
AURKB	1	RACGAP1
AURKB	-1	VIM
NEK2	1	NEK11
RIN1	1	ABL2
ABL1	0	RAD9A
ABL1	1	PTPN6
PTPN6	1	ABL1
PSTPIP1	0	ABL1
ABL1	1	PSTPIP1
CCNE1	1	CDK2
CDK2	-1	CCNE1
GSK3B	-1	CCNE1
PKMYT1	-1	CDK1
EGFR	1	STAT3
ERBB2	-1	CDK1
TRIM25	1	DDX58
TGFBR1	0	SMAD3
TGFBR1	0	SMAD2
AKT1	0	SMAD3
LATS1	0	YAP1
STK3	1	LATS2
RASSF1	1	STK3
STK3	1	LATS1
SRC	0	CAV1
ATM	1	RASSF1
HSBP1	-1	HSF1
ARAF	1	MAP2K2
BRAF	1	MAP2K1
RAF1	1	MAP2K2
BRAF	1	MAP2K2
MAPK1	-1	BRAF
ARAF	1	MAP2K1
MAPK1	0	RAF1
MAPK3	0	RAF1
MAP2K2	1	MAPK1
MAPK3	1	RPS6KA1
RPS6KA1	-1	BAD
MAPK3	-1	BRAF
UBE2N	1	TRAF2
TRAF2	1	BIRC3
BIRC3	-1	TRAF2
RAD9A	1	TOPBP1
ABL1	1	CASP9
ABL1	1	APBB1
ABL1	1	CDK5
SRC	1	ABL2
ABL1	1	ABL2
ABL1	1	ABI1
ABI1	1	ABL1
SRC	1	ABL1
CHEK2	0	PLK1
PLK1	0	CHEK2
AURKA	-1	RASSF1
OTUB1	-1	UBE2N
CSF2	1	CSF2RA
ATM	-1	CREB1
PPM1D	0	TP53
HGF	1	MET
PPM1D	-1	CHEK1
AKT1	1	MDM2
AKT1	0	GSK3B
MAPK1	-1	CASP9
AKT1	-1	RAF1
ID3	-1	TCF3
BAK1	1	CYCS
BAK1	1	DIABLO
BAX	1	HTRA2
IKBKE	1	IRF3
KEAP1	-1	NFE2L2
CASP3	-1	PARP1
MAPK3	1	STAT3
BAX	1	CYCS
BIRC5	0	CASP3
RB1	-1	E2F2
TNF	1	TNFRSF1B
BAG4	-1	TNFRSF1A
TNFRSF1B	1	TRAF2
BTRC	-1	WEE1
PRKDC	1	H2AX
INS	1	INSR
BAG1	1	BCL2
DUSP5	0	MAPK3
ATR	1	BRCA1
ATR	1	CHEK1
MAP3K4	1	MAP2K6
BAG1	-1	PPP1R15A
MAP3K4	1	MAP2K4
CSNK1A1	1	TP53
CDK2	0	CDC25A
CDC25A	1	CDK2
XIAP	-1	CASP3
XIAP	-1	CASP9
ATR	1	RAD17
AURKA	0	TP53
FAS	1	FADD
FASLG	1	FAS
TNFSF10	1	TNFRSF10B
TNFSF10	1	TNFRSF10A
TNFRSF10B	1	FADD
TNFRSF1A	1	TRADD
FADD	0	TRADD
TRADD	1	FADD
TRADD	0	TRAF2
TNF	1	TNFRSF1A
SHH	0	PTCH1
BLVRA	1	PRKCB
INSR	1	IRS1
PIM1	-1	BAD
PTCH1	0	SMO
CHEK2	1	BRCA1
RPA1	1	BRIP1
MAP2K3	1	MAPK14
UBE2N	0	H2AX
MAP3K5	1	MAP2K3
HSPA1A	-1	APAF1
GADD45A	0	MAPK14
BARD1	1	BRCA1
CASP3	1	CASP9
CASP9	1	CASP3
TCL1A	1	AKT1
SRC	1	CDC42
SRC	0	HRAS
MAP3K1	1	MAP2K4
MAP3K1	1	MAP2K7
MAPK8	-1	BCL2L1
BCL2L11	1	BAX
TRAF3	-1	MAP3K14
XIAP	-1	CASP7
GNRH1	1	GNRHR
TYK2	1	STAT1
PIAS1	0	STAT1
PIAS3	0	STAT3
RIPK1	1	CASP8
CASP8	-1	RIPK1
JAK1	1	STAT1
MAPK8	1	STAT1
MAP2K7	1	MAPK8
USP7	1	TP53
XAF1	-1	XIAP
CCND1	1	CDK4
TP53BP2	1	TP53
AKT1	-1	BAD
AKT1	-1	CASP9
PDK2	1	AKT1
BBC3	-1	BCL2L1
BBC3	-1	BCL2
CASP12	1	CASP9
MAPK8	0	BAD
AKT1	1	CREB1
PMAIP1	-1	BCL2
PMAIP1	-1	BCL2L1
SH3GLB1	1	BAX
WNT5A	1	ROR2
CDKN2A	-1	MDM2
PAK1	1	CTNNB1
CFLAR	-1	CASP8
CDC42	1	PAK1
RAC1	1	PAK1
BAX	1	DIABLO
CDK5	-1	PAK1
CHEK2	1	E2F1
APAF1	1	CASP9
FADD	1	CASP8
RAC3	1	PAK1
RAC2	1	PAK1
NCK1	1	PAK1
PPM1E	-1	PAK1
PPM1F	-1	PAK1
F2R	1	GNA13
ATG3	1	GABARAP
ATG3	1	GABARAPL2
ABRAXAS1	1	BRCA1
MAPK8	1	H2AX
AXIN1	1	MAP3K1
RET	1	SHC1
GABARAPL1	1	SQSTM1
OTUD5	-1	TRAF3
CTNNB1	1	LEF1
CDH1	1	CTNNB1
CD80	1	CD28
CD86	1	CD28
SH2B2	0	CBL
CD28	1	GRB2
MET	1	GAB1
CD40	0	TRAF3
BRIP1	1	BRCA1
ATG7	1	GABARAPL2
DVL1	1	RAC1
ABL1	0	CRK
EGFR	1	PLCG1
GABARAPL2	1	SQSTM1
SMARCAD1	1	TRIM28
CARD11	1	BCL10
PINK1	1	PRKN
GRB2	1	GAB1
CDC73	1	CTNNB1
MAP1LC3A	1	SQSTM1
EGFR	1	ERBB2
ERBB2	1	EGFR
EGFR	1	ERBB3
MAX	1	MYC
NBR1	1	GABARAP
DVL1	-1	AXIN1
SRC	1	RAF1
ATG7	1	MAP1LC3A
PSEN1	0	CTNNB1
MEN1	-1	RELA
MAP1LC3A	1	ATG3
ATG3	1	MAP1LC3A
NBR1	1	GABARAPL1
TGFB1	1	TGFBR2
TGFB1	1	TGFBR1
RASSF5	1	RASSF1
PTK2	1	GRB2
IL1B	1	IL1R1
NTRK1	1	SHC1
LIF	1	LIFR
IKBKG	1	CHUK
IL2	0	IL2RG
IL13	1	IL13RA1
MAP3K7	1	MAP2K4
MAP3K7	0	IKBKG
VAV1	1	PLCG1
MAP3K7	1	MAP2K6
VAV1	1	RHOA
SOCS1	0	JAK1
MAP3K5	1	MAP2K4
MAP3K5	1	MAP2K7
MAP3K5	1	MAP2K6
HRAS	1	RAF1
TAOK2	1	MAP2K6
DUSP16	1	MAPK8IP1
PTPN6	0	JAK1
VAV1	1	SYK
SYK	1	VAV1
VAV1	0	CBL
TGFB3	1	TGFBR2
MAPK11	1	MAPKAPK5
BMP2	1	BMPR2
ACVR2B	1	ACVR1B
JAK1	1	IL10RA
IL10RA	1	JAK1
PTPN11	0	GAB1
IL21R	1	JAK1
PTPN6	0	ZAP70
RARB	1	RXRA
RXRA	1	RARB
PRL	1	PRLR
GH1	1	PRLR
GH1	1	GHR
JAK1	1	STAT2
IFNG	1	IFNGR2
IFNGR1	1	JAK1
JAK1	1	IFNGR1
TYK2	1	STAT3
IRF9	1	STAT2
IKBKB	0	NFKBIA
CHUK	0	NFKBIA
PTPN1	0	TYK2
MAPK3	0	SOS1
JAK2	1	PTPN11
PTPN11	0	JAK2
SMAD3	1	NOTCH1
IL3	1	IL3RA
INS	1	IGF1R
DUSP4	0	MAPK1
DUSP4	0	MAPK3
MAPK14	1	ATF2
MAPK3	1	ELK1
RPS6KA1	1	FOS
MAPK8	1	ELK1
MAPK8	1	ATF2
IL6ST	1	JAK2
IL15	1	IL15RA
MAPK14	1	ELK1
MAP3K7	1	MAP2K3
JAK1	1	PTPN11
MAP4K1	1	MAP3K11
DUSP4	0	MAPK8
SMAD7	0	TGFBR1
NRG3	1	ERBB4
NRG1	1	ERBB4
FRZB	0	WNT1
MAPK3	0	SMAD1
SMAD6	0	SMAD1
NRAS	1	RAF1
JAK3	1	STAT1
MAP3K10	1	MAP2K7
MAPK11	1	RPS6KA5
MAPK1	1	RPS6KA5
EGFR	1	SHC1
ACVR1	1	SMAD1
BMPR1B	1	SMAD5
BMPR1B	1	SMAD1
MAPK3	1	RPS6KA4
RAC1	1	PAK2
MAP3K7	1	MAP2K7
SMAD6	0	TGFBR1
SMAD7	0	SMAD3
SMAD6	0	SMAD3
MAPK1	0	DUSP6
DUSP6	0	MAPK1
MAPK1	0	DUSP1
DUSP1	0	MAPK1
DUSP8	0	MAPK14
MAPK3	0	DUSP6
DUSP6	0	MAPK3
MAPK14	1	MAPKAPK3
HHIP	0	SHH
MAPK1	0	SMAD3
MAPK3	0	SMAD3
MAPK1	0	SMAD2
MAPK3	0	SMAD2
AREG	1	EGFR
HBEGF	1	EGFR
NRG4	1	ERBB4
SOCS3	0	JAK1
TAOK2	1	MAP2K3
ACVR1	1	SMAD5
EGFR	1	CBL
CBL	0	EGFR
SOCS3	0	JAK2
MAPK8IP3	1	MAP3K11
MAPK8IP3	1	MAP2K7
PTPN1	0	IRS1
DLL3	1	NOTCH1
APC2	1	AXIN1
WNT5A	1	FZD4
PTPN6	0	JAK3
WNT1	1	LRP6
DTX1	1	NOTCH1
IL6	1	IL6R
IL6R	1	IL6ST
MAP2K7	1	MAPK10
MAP2K7	1	MAPK9
MAP2K6	1	MAPK12
MAP2K4	1	MAPK10
MAP2K6	1	MAPK14
MAP2K4	1	MAPK9
MAP2K3	1	MAPK11
MAP2K5	1	MAPK7
MAPK7	1	MAP2K5
ZFYVE9	1	SMAD2
LRP5	0	AXIN1
MAP3K2	1	MAP2K4
MAP3K2	1	MAP2K1
FBXW11	1	SMAD3
ACVR1B	1	SMAD2
IGF1R	1	IRS1
JAK2	1	STAT5B
SOCS1	0	JAK2
DLL4	1	NOTCH1
MYC	0	SMAD3
AXIN1	1	CSNK1D
CSNK1D	1	AXIN1
MAP3K20	1	MAP2K7
PTPN2	0	JAK1
RPS6KA5	1	CREB1
RPS6KA5	1	ATF1
AXIN2	0	CTNNB1
AKT1	1	RPS6KB1
PAK1	1	RAF1
PTPRC	0	JAK3
IL23R	1	JAK2
IL23A	1	IL23R
NCSTN	1	PSEN1
JAK2	1	IFNGR1
IFNGR1	1	JAK2
TGFBR1	1	ZFYVE9
DUSP3	0	MAPK1
SMAD7	1	SMURF1
SMURF1	0	SMAD7
MIB1	1	JAG1
ERBB2	1	ERBB3
SKI	0	SMAD3
SKI	0	SMAD4
SKI	0	SMAD2
JAK3	1	STAT3
IL22RA1	1	TYK2
IL20RA	1	JAK1
IL22RA1	1	JAK1
SMAD2	1	SMAD4
SMAD3	1	SMAD4
SMAD4	1	SMAD3
FZD4	1	DVL2
SMAD1	1	SMAD4
PTPN6	1	SOCS1
DISP1	1	SHH
JAK2	1	STAT1
CREB1	0	FOXO4
NCSTN	1	APH1A
APH1A	1	NCSTN
LRIG1	1	CBL
LRIG1	-1	EGFR
PML	1	ZFYVE9
PML	1	SMAD3
PML	1	SMAD2
MAPK3	-1	ARRB1
PTPN1	0	JAK2
PTPN1	0	STAT3
PTPN6	0	JAK2
LRIG1	0	ERBB3
LRIG1	0	ERBB2
LRIG1	0	ERBB4
LIFR	1	IL6ST
CRIPAK	0	PAK1
KRAS	1	RAF1
LRP6	0	AXIN1
JAK2	1	IFNGR2
IFNGR2	1	JAK2
TAB1	1	MAPK14
MAPK14	-1	TAB1
IL21	1	IL21R
AMH	1	AMHR2
TGFBR2	1	TGFBR1
BMPR2	1	ACVR1
BMPR2	1	BMPR1B
TGFB2	1	TGFBR2
INHBA	1	ACVR2B
BMP7	1	ACVR2B
BMP7	1	BMPR2
GDF6	1	BMPR2
BMP4	1	BMPR2
PPP4R3A	1	PPP4C
CDO1	1	SHH
PPM1A	0	SMAD3
PPM1A	0	SMAD2
PPM1A	0	SMAD1
SIRT1	0	SMAD7
IL20	1	IL22RA1
IL26	1	IL20RA
IL19	1	IL20RA
KRAS	1	BRAF
HRAS	1	BRAF
GSK3B	0	SMAD3
MAPK3	1	MYC
DAB1	1	NOTCH1
NOTCH1	1	HIF1A
CTF1	1	IL6ST
IL31RA	1	JAK2
SOCS1	0	IFNGR1
PTPN11	0	STAT1
PPP2CA	0	SMAD3
MTMR4	0	SMAD2
MTMR4	0	SMAD3
DACT2	0	TGFBR1
SRC	1	TGFBR2
ITCH	0	SMAD7
IHH	0	PTCH1
GSK3A	1	TSC2
ANKRD6	1	DVL2
AKT1	1	CTNNB1
MAPK9	1	CTNNB1
CBL	0	PDGFRA
PDGFRB	1	SHC1
PDGFA	1	PDGFRA
PDGFB	1	PDGFRA
FGF1	1	FGFR1
FGF1	1	FGFR2
FGF2	1	FGFR2
FGF3	1	FGFR2
FGF4	1	FGFR2
FGF10	1	FGFR2
FLT1	1	PLCG1
NTRK1	1	FRS2
NTRK1	1	PLCG1
EFNA2	1	EPHA2
EFNA1	1	EPHA2
EFNA1	1	EPHA3
EFNA5	1	EPHA3
EPHA3	1	CRK
LTK	1	IRS1
LTK	1	PIK3CG
LTK	1	CBL
ANGPT2	1	TEK
ANGPT1	1	TEK
ANGPT4	1	TEK
WNT3A	1	RYK
CDK5R1	0	LMTK2
GDNF	1	RET
ABL1	0	MTOR
FGFR1	0	FRS2
EGFR	1	ESR1
RARA	1	RXRA
RXRA	1	RARA
RXRB	1	RARA
RARG	1	RXRA
RXRA	0	RARG
RARG	1	RXRB
RXRB	1	RARG
RXRA	1	PPARA
RXRA	1	PPARG
RXRB	1	PPARG
NR2F2	1	RXRA
NR0B2	0	ESR1
RARA	1	RXRG
ESR1	1	ESR2
NCOA2	1	RXRA
NCOA2	1	PPARG
LEPR	1	STAT3
IL26	1	IL10RB
JAK1	0	STAT6
IL5	1	IL5RA
JAK2	1	STAT6
UBE2O	-1	SMAD6
SMAD7	1	SMURF2
SMURF2	0	SMAD7
SMURF2	0	TGFBR1
MAPK14	0	CREB1
DUSP16	-1	MAPK14
SMAD2	1	SMURF2
SMURF2	0	SMAD2
MAPK14	0	MAX
MAP4K2	1	MAP3K1
FYN	1	SHC1
AREG	1	ERBB2
IL2RG	1	JAK1
IL2RG	1	JAK3
IL7	1	IL7R
IL4R	1	IL2RG
GSK3B	0	JUN
IL13RA1	1	TYK2
DUSP2	0	MAPK1
DUSP2	0	MAPK14
KRAS	1	MAP3K1
MAP3K11	1	MAP2K4
EGFR	1	SHC3
MAP4K4	1	MAP3K1
MAP4K1	1	MAP3K1
MAP3K11	1	MAP2K3
FLNA	1	MAP2K4
DUSP1	0	MAPK8
JAK2	1	CSF2RA
CSF2RA	1	JAK2
MAPK3	1	MKNK1
MAPK14	1	MKNK1
NRG2	1	ERBB3
NRG2	1	ERBB4
LEP	1	LEPR
NRG1	1	ERBB3
FRZB	0	WNT8A
PAK1	1	MAP2K1
BTRC	0	CTNNB1
ACVR1B	1	SMAD3
DVL3	1	FRAT1
SMAD2	1	CREB1
ERBB2	1	SHC1
LAMTOR3	1	MAPK3
TLE1	0	LEF1
FBXW11	0	CTNNB1
TAOK1	1	MAP2K3
MAPK14	1	RPS6KA4
CDC42	1	PAK2
MAPK8IP1	1	MAP3K10
MAPK8IP1	1	MAP2K7
MAP4K4	1	MAP3K7
DUSP9	0	MAPK1
PRKACA	0	RAF1
PRKCA	0	RAF1
MAPK3	0	DUSP1
DUSP1	0	MAPK3
DUSP9	0	MAPK3
MAPK1	0	SOS1
HHIP	0	IHH
SIRT1	1	FOXO4
WIF1	0	WNT8A
SHC1	1	INPP5D
BTC	1	EGFR
BTC	1	ERBB4
HBEGF	1	ERBB4
JUN	-1	SMAD3
DUSP5	0	MAPK1
IGF1R	1	IRS2
MAPK8IP3	1	MAP2K4
MAPK8IP3	1	MAP3K1
CSF1	1	CSF2RA
CSF3	1	CSF2RA
TAOK2	1	MAP2K4
TAOK2	1	MAP2K7
MAPK8IP2	1	MAPK8
JAK1	1	JAK3
JAK3	0	JAK1
SNIP1	0	SMAD4
SOS1	1	HRAS
SMURF2	0	SMAD1
KAT2A	1	SMAD3
KAT2A	1	SMAD2
XPO1	0	SMAD4
WNT10B	1	FZD5
MAP2K3	1	MAPK13
MAP2K6	1	MAPK13
MAP2K3	1	MAPK12
MAP3K2	1	MAP2K5
EGF	1	ERBB2
DUSP10	0	MAPK8
MAP4K3	1	MAP3K1
SMURF2	0	SKIL
KSR1	1	RAF1
DAXX	1	TGFBR2
PDPK1	1	SGK1
SOS1	1	NRAS
RPS6KA1	0	GSK3B
MAP3K13	1	MAP2K7
SMAD6	0	TAB1
SMAD7	0	TAB1
SH2B1	0	JAK2
MAP3K20	1	MAP2K4
PTPN1	0	IGF1R
RPS6KA4	1	ATF1
IRS2	1	PIK3CG
EXTL1	0	SHH
MAPK3	1	ETS1
CSNK1A1L	0	CTNNB1
CSNK1D	0	CTNNB1
DUSP19	0	MAPK8
PTPRC	0	JAK1
IL23R	1	TYK2
KREMEN2	0	LRP6
DKK1	1	KREMEN2
IL21R	1	JAK3
FOXH1	1	SMAD2
IL6ST	1	JAK1
SH3RF1	1	MAP3K10
SH3RF1	1	MAP2K4
SH3RF1	1	MAP2K7
SH3RF1	1	MAPK8
SMURF1	0	TGFBR1
IL1R1	0	IL1RAP
IL1RAP	0	IL1R1
DVL3	1	RAC1
NUMB	1	ITCH
ITCH	0	NOTCH1
CBY1	0	CTNNB1
SKIL	0	SMAD4
SKIL	0	SMAD2
AXIN1	1	MAP3K4
PIAS4	0	SMAD3
PIAS4	0	SMAD4
NUP214	1	SMAD3
NUP214	1	SMAD4
IL10RB	1	TYK2
MAPK14	1	SMAD3
SMAD5	1	SMAD4
CNKSR2	1	RAF1
RNF111	0	SMAD7
AXIN1	1	RNF111
PIAS3	1	SMAD3
SMAD7	1	PPP1R15A
PPP1CC	0	TGFBR1
PPP1R15A	1	PPP1CC
FBXW11	1	SMAD4
PIAS1	1	SMAD4
NKD1	0	DVL3
WDR83	1	RAF1
WDR83	1	MAPK3
WDR83	1	MAP2K1
IFNLR1	1	TYK2
IFNLR1	1	JAK1
IL31	1	IL31RA
PDPK1	1	AKT2
WWP1	1	SMAD7
ITCH	1	SMAD2
TGIF1	1	WWP1
MAPK1	-1	ARRB1
RYK	1	DVL2
RYK	1	DVL3
RYK	1	DVL1
LAMTOR3	1	MAP2K1
INSR	0	PTPN1
PTPN1	0	INSR
PTPN2	0	INSR
PPP2R2A	1	RAF1
MAPK10	1	MAPK8IP3
MAPK8IP3	1	MAPK10
SPAG9	1	MAPK14
MAPK8IP2	1	MAPK9
MAPK9	1	MAPK8IP3
MAPK8IP3	1	MAPK9
MAPK8	1	MAPK8IP3
MAPK8IP3	1	MAPK8
PTPN2	0	JAK3
CNKSR1	1	RAF1
MIB2	1	JAG2
UCHL5	1	SMAD7
MTSS1	1	RAC1
SOS1	1	KRAS
CSNK1G1	0	LRP6
AMHR2	1	ACVR1
AMHR2	1	BMPR1B
GDF11	1	ACVR2B
BMP15	1	BMPR2
SMAD7	1	PPP1CA
SH3RF1	1	MAPK8IP1
TRIM33	1	SMAD3
TRIM33	1	SMAD2
CTDSP1	0	SMAD1
CTDSP2	0	SMAD1
UCHL5	1	TGFBR1
BCL9	1	CTNNB1
CTDNEP1	1	BMPR1A
IFNL1	1	IL10RB
IFNL2	1	IL10RB
IFNL3	1	IL10RB
IL10	1	IL10RB
IFNL1	1	IFNLR1
IFNL2	1	IFNLR1
IFNL3	1	IFNLR1
RNF111	0	SMAD3
RNF111	0	SMAD2
SMAD7	1	TAB2
MAPK14	1	STAT3
MAPK8	1	STAT3
MAPK14	1	STAT1
STK11	1	MARK2
TGFBR1	1	SHC1
GSK3B	0	SMAD1
HHAT	1	SHH
CDK8	0	NOTCH1
SNW1	-1	NCOR2
NCOR2	1	SNW1
NOTCH1	1	SNW1
SNW1	1	NOTCH1
CTF1	1	LIFR
IL31RA	1	JAK1
PTPRT	0	STAT3
EP300	1	SMAD7
TGFBR1	1	TRAF6
MAPK11	0	SMAD2
RANBP3	0	SMAD2
RANBP3	0	SMAD3
SMAD6	1	PELI1
FKBP1A	0	TGFBR1
CSNK1A1L	1	LRP6
CSNK1A1	1	LRP6
CSNK1E	1	LRP6
DVL1	0	CTNNB1
DVL1	1	JUN
DVL1	1	DAAM1
INVS	0	DVL1
LRRFIP2	1	DVL3
LRRK2	1	DVL3
SMAD1	1	DVL1
NLK	0	LEF1
CSNK2A1	1	LEF1
CAPRIN2	1	LRP6
CSNK1E	1	ROR2
PDGFRA	1	PLCG1
PDGFRB	1	PLCG1
PDGFRA	1	CRK
PDGFRB	1	PTPN11
PTPN11	-1	PDGFRB
PDGFRB	1	NCK1
PDGFRB	1	RASA1
PDGFRB	1	CRK
FGF6	1	FGFR2
FGF17	1	FGFR2
FGF18	1	FGFR2
KDR	1	SHC1
FLT4	1	SHC1
CBL	0	MET
MET	1	RANBP9
NTRK1	1	ABL1
NTRK1	1	SH2B1
NTRK1	1	SH2B2
BDNF	1	NTRK2
NTRK2	1	FYN
NTRK2	1	SHC3
NTF3	1	NTRK3
NTRK3	1	PLCG1
NTRK3	1	SHC1
EFNA3	1	EPHA3
ACP1	0	EPHA2
EPHA2	1	SHC1
EPHA3	1	SRC
EPHB2	1	SRC
EPHB2	1	RASA1
ABL1	0	EPHB2
LTK	1	SHC1
PTN	1	ALK
ALK	1	PLCG1
ALK	1	STAT3
PTPRZ1	0	ALK
PTPRB	0	ALK
ALK	1	SHC3
ALK	1	SHC1
ANGPTL1	0	TEK
WNT5A	1	ROR1
DDR2	1	SHC1
SRC	1	DDR2
WNT1	1	RYK
AATK	1	CDK5R1
CDK5	0	LMTK2
LMTK2	0	PPP1CA
RET	1	GRB10
RET	1	DOK4
RET	1	FRS2
ABL1	0	RB1
RB1	0	ABL1
ABL1	1	VAV1
RYBP	0	ABL1
RFX1	1	ABL1
CREBBP	1	CSK
KHDRBS1	-1	PTK6
PTK6	1	KHDRBS1
LCK	1	PTPN6
PTPN6	0	LCK
LCK	1	ZAP70
ZAP70	0	LCK
LCK	1	NOTCH1
LCP2	1	PLCG1
ITK	1	PLCG1
GIT1	1	PLCG1
ERBB2	1	PLCG1
EGFR	1	NCK1
SRC	0	RASA1
RASA1	0	HRAS
PRKCZ	-1	YWHAB
FRS2	1	PTPN11
CBL	-1	FRS2
ITSN1	1	CDC42
STK39	1	MAPK14
DOK4	1	CRK
DOK4	1	SRC
DOK4	1	FYN
PTPN11	0	GAB2
PTPRF	0	INSR
ERBB2	1	ESR1
THRB	1	RXRA
RXRA	1	THRB
THRA	1	RXRB
RXRB	1	THRA
THRA	1	RXRA
RXRA	1	THRA
NR1I3	1	RXRA
NR1I2	1	RXRA
THRB	1	RXRB
RXRB	1	THRB
NR2F1	1	RXRA
RXRB	1	NR2F1
NR2F2	1	NR2F1
RXRB	1	NR2F2
NR0B2	0	NR1I2
NCOR2	0	PGR
NCOR2	0	AR
NR0B2	1	PPARA
NR0B2	0	NR1I3
NR0B2	0	AR
THRA	1	RARG
RARG	1	THRA
RARA	1	THRA
THRA	1	RARA
RARB	1	THRA
THRA	1	RARB
THRA	1	RXRG
RXRG	1	THRA
RARB	1	RXRB
RXRB	1	RARB
RXRB	1	PPARA
THRB	1	RXRG
RXRG	1	THRB
NR3C1	0	AR
AR	0	NR3C1
NCOA2	1	RARA
PAK1	-1	BAD
SRC	1	PXN
FGR	1	PTK2
SRC	1	PTK2
SRC	1	PTK2B
PTK2B	1	SRC
ZAP70	1	GAB2
PTEN	-1	PTK2
LAT	1	VAV1
JAK3	1	STAT2
JAK3	1	STAT5B
MAPK1	1	FOS
MAPK3	1	FOS
SRC	1	SHC1
AKT3	0	BAD
NFKBIA	0	NFKB1
AKT3	0	GSK3B
AKT3	-1	FOXO3
ZAP70	1	MAPK14
CD4	1	LCK
CSK	0	LCK
PTPA	0	AKT1
CCR5	1	GNAI1
CXCR4	1	GNAI1
ZAP70	1	LCP2
ZAP70	1	VAV1
ZAP70	1	LAT
LAT	1	PLCG1
MAPK14	0	PXN
GNAI1	1	HCK
GNAI1	1	SRC
CBL	-1	PIK3R1
LCK	-1	PIK3R1
ITK	1	CD28
LCK	1	ITK
LAT	1	PIK3R1
AKT1	1	MAP3K8
INHBA	1	ACVR2A
AGT	1	AGTR1
TNFSF13B	1	TNFRSF13C
GRP	1	GRPR
BMP10	1	BMPR1A
BMP2	1	BMPR1A
BMP4	1	BMPR1A
BMP7	1	ACVR2A
BMP7	1	ACVR1
KNG1	1	BDKRB2
CCK	1	CCKAR
GAST	1	CCKBR
CCK	1	CCKBR
CCL3	1	CCR5
CNTF	1	IL6ST
CNTF	1	LIFR
CLCF1	1	IL6ST
CXCL12	1	CXCR4
TNFSF15	1	TNFRSF25
POMC	1	OPRD1
PDYN	1	OPRD1
EPGN	1	EGFR
EREG	1	EGFR
EREG	1	ERBB4
EDN1	1	EDNRA
EDN3	1	EDNRB
VEGFA	1	FLT1
VEGFC	1	FLT4
VEGFD	1	FLT4
WNT5A	1	FZD6
GAL	1	GALR2
GNRH2	1	GNRHR
GH2	1	GHR
TNFSF14	1	TNFRSF14
LTA	1	TNFRSF14
IL11	1	IL6ST
IL15	1	IL2RG
IL1B	1	IL1RAP
IL1RN	-1	IL1R1
IL21	1	IL2RG
IL22	1	IL22RA1
IL2	1	IL2RB
IL4	1	IL2RG
IL13	1	IL4R
IL4	1	IL13RA1
IL7	1	IL2RG
IL9	1	IL2RG
VEGFA	0	KDR
VEGFC	1	KDR
KISS1	1	KISS1R
LIF	1	IL6ST
OSM	1	IL6ST
OSM	1	LIFR
PDYN	1	OPRM1
TAC1	1	TACR2
TAC3	1	TACR3
OXT	1	OXTR
TGFB2	1	TGFBR1
CGA	1	TSHR
TSHB	1	TSHR
LTA	1	TNFRSF1B
PDPK1	1	RPS6KB1
CALM3	1	CAMK2A
CALM1	1	CAMK2A
CALM2	1	CAMK2A
VRK1	1	ATF2
GRM1	1	GNAQ
SYNGAP1	1	DLG4
GSK3A	1	MITF
IRS1	1	PIK3CA
PRKACA	0	BAD
PRKACA	1	CREB1
RPS6KA1	1	CREB1
MAPK1	1	MAPKAPK2
VAV2	1	RAC1
ZAP70	1	VAV2
NRAS	1	RALGDS
GRB2	1	ABL1
NLGN1	1	DLG4
MAPK14	1	RPS6KA5
MAPK1	1	ELK1
CALM3	1	CAMK4
CALM1	1	CAMK4
CAMK4	1	CALM1
CALM2	1	CAMK4
CALM3	1	PPP3R1
CALM1	1	PPP3R1
CALM2	1	PPP3R1
CAMK4	1	CREB1
NRAS	1	PIK3CA
IRS1	1	GRB2
SHC1	1	GRB2
HTR2A	1	GNAQ
PTAFR	1	GNAQ
CHRM1	1	GNAQ
PDPK1	1	RPS6KA1
PRKACA	-1	PLCG1
PRKACA	1	NFKB1
FYN	0	CTNNB1
FER	0	CTNNB1
PRKCA	-1	NOS1
CAMK2A	0	NOS1
CAMK4	-1	NOS1
PRKACA	-1	NOS1
CALM3	1	EEF2K
CALM1	1	EEF2K
CALM2	1	EEF2K
RPS6KA1	-1	EEF2K
RPS6KB1	-1	EEF2K
SRC	1	BCAR1
ADRA1A	1	GNAQ
YWHAH	0	BRAF
AKAP5	1	PRKACA
CAMKK2	1	CAMK1
CALM3	1	CAMKK2
CALM1	1	CAMKK2
CALM2	1	CAMKK2
CAMK2A	0	CREB1
CAMK1	1	CREB1
MAPK8	0	BCL2L11
SRC	-1	ARRB1
ARRB1	1	SRC
PRKCA	0	MARCKS
MARCKS	0	PRKCA
PTPN11	1	GRB2
PTPN11	-1	SPRY1
CSK	0	SRC
GNA12	1	ARHGEF1
GNA13	1	ARHGEF1
NRAS	1	BRAF
PRKACA	0	BRAF
BDKRB1	1	GNAQ
DUSP10	-1	MAPK14
AKT1	-1	GSK3A
GSK3A	-1	AKT1
PRKACA	1	PPP1R1B
PPP1R1B	-1	PPP1CC
PTK2	1	SHC1
F2RL1	1	GNAQ
PRSS1	1	F2RL1
SHC1	1	SOS1
CBLB	-1	PIK3CA
CBLB	0	EGFR
CBLB	0	GRB2
GAB1	1	PIK3CA
NAIP	-1	CASP9
SRC	0	CTTN
EGFR	0	EPB41
PRKACA	1	FLNA
PRKCA	0	GRK2
PRKCA	0	GRM1
CAMK2A	0	SYNGAP1
ILK	1	AKT1
CAMKK2	1	CAMK4
PPM1F	-1	CAMK2A
DLG4	1	NOS1
PRKCA	-1	GSK3A
IQGAP1	0	CDC42
IQGAP1	0	RAC1
PTPRA	0	FYN
SRC	0	PTPRA
PTPRA	0	SRC
GRK2	0	OPRM1
PRKCA	0	BCL2
GSK3A	-1	JUN
RAF1	0	BAD
PRKCA	0	IRS1
PTK2	1	BCAR1
SRC	1	PLCG1
LYN	1	PLCG1
HCK	1	PLCG1
EPB41	1	DLG1
SRC	1	DLG4
MAPK14	1	JUN
CAMK2A	0	DLG1
PTK2	1	PXN
EGFR	0	CRK
BIK	-1	BCL2L1
YWHAH	-1	RAF1
SRC	1	GRK2
SYK	1	PLCG1
FYN	1	DLG4
PRKACA	1	STK24
PPP3R1	1	BAD
IRS2	1	PIK3CA
IGF1R	1	SHC1
GRB10	-1	IGF1R
GRB10	-1	INSR
ULK1	1	GABARAP
AKT1	1	MTOR
MTOR	1	AKT1
GSK3B	1	KAT5
PRKCA	1	NFE2L2
PRKCD	1	NFE2L2
SQSTM1	0	MAP1LC3B
MAP1LC3B	1	SQSTM1
FBXW11	-1	NFKBIA
CHUK	-1	NCOR2
CHUK	1	RELA
CHUK	1	IKBKB
ERC1	1	CHUK
EP300	1	RELA
IKBKE	0	RELA
RIPK1	1	IKBKG
CHUK	-1	MAP3K14
MAP3K14	1	CHUK
TAB3	1	MAP3K7
MRE11	1	ATM
ATM	1	MRE11
ATM	1	RAD50
RAD50	1	ATM
NFKB1	1	RELA
RELA	-1	NCOR2
NFKBIA	0	RELA
NFKB2	1	RELB
RPS6KA5	1	RELA
AXIN1	1	APC
UBE2N	1	UBE2V1
UBE2V1	0	TRAF6
MAPK3	1	RPS6KA2
MAPK1	1	RPS6KA2
PDPK1	1	RPS6KA3
MAP3K7	1	MAP3K14
MAP2K6	1	MAPK8
FOS	1	JUN
TOLLIP	0	IRAK1
TLR4	1	MYD88
MAVS	0	TRAF3
MAVS	0	IKBKE
IKBKE	-1	TANK
IKBKE	1	TBK1
TBK1	1	IKBKE
TRAF3	1	TBK1
MAVS	0	IRF3
EIF2AK2	1	TP53
IL1R1	1	MYD88
IRAK4	1	TRAF6
TLR2	1	MYD88
PRKCD	1	STAT1
JAK1	1	TYK2
STAT2	1	STAT1
CREBBP	1	IRF9
GRK6	-1	SLC9A3R1
MAGI2	1	PTEN
MAPK12	1	SNTA1
PKN1	-1	ARHGEF2
PKN1	1	MAP3K20
MAPK14	-1	EEF2K
MAPK14	-1	BCL2L11
MAPK14	1	FOXO3
MAPK14	1	ESR1
MAPK14	1	NR3C1
MAPK14	1	TP53
MAPK14	0	RB1
MAPK14	-1	BCL2
MAPK14	1	TCF3
MAPK14	1	GATA2
MAPK14	-1	CDC25C
PTPN7	-1	MAPK14
MAPK14	-1	PTPN7
MAPK14	-1	GSK3B
MAPK14	1	CDKN1A
MAPK14	1	EPS15
MAPK14	-1	CASP3
MAPK14	1	ADAM17
MAPK14	-1	CASP8
MAPK14	0	EZH2
MAPK14	0	JDP2
MAPK14	1	BAZ1B
CAMK4	1	CREBBP
MAP3K11	1	PIN1
EEF2K	0	MAPKAPK3
MAPKAPK3	0	EEF2K
CDKN3	-1	CDK2
DUSP5	-1	MAPK14
PTPN21	1	SRC
DUSP7	-1	GHR
SMURF1	-1	SMAD6
DUSP7	-1	MAPK1
DUSP7	-1	MAPK14
AAK1	1	NUMB
AAK1	1	AP2M1
PLEKHG6	1	RHOA
CDON	1	ABL1
AMOT	-1	YAP1
ARHGAP15	-1	RAC1
PITRM1	-1	APP
FGD3	1	CDC42
AMER1	1	AXIN1
AMER1	1	APC
AMER1	0	CTNNB1
SPDYA	1	CDK2
LRRK2	1	AKT1
ARHGEF7	1	LRRK2
LRRK2	1	ARHGEF7
PPM1L	-1	MAP3K5
THEM4	-1	AKT1
ARHGAP21	-1	RHOA
WLS	1	WNT3A
MAP3K21	1	MAP2K1
ZNF318	-1	AR
DAB2IP	-1	HRAS
DAB2IP	1	MAP3K5
PDPK2P	1	SGK1
XAF1	-1	BIRC3
XAF1	-1	BIRC2
GDF6	1	BMPR1A
TET2	1	WT1
MAST2	1	PTEN
PKN3	0	BCAR1
BORA	1	AURKA
TRAF7	1	MAP3K3
TSSK4	1	CREB1
DLK2	-1	NOTCH1
BCOR	1	HDAC3
BCOR	1	HDAC1
DNMBP	1	CDC42
GIGYF2	1	GRB10
RNF111	-1	SKI
RNF111	0	SKIL
RNF111	1	AP2M1
NBEAL2	1	DOCK7
PIK3AP1	1	PIK3R1
PIK3AP1	1	PIK3CA
PIK3AP1	1	PIK3CB
PIK3AP1	1	PIK3CG
PHLPP2	-1	PRKCB
PHLPP2	-1	PRKCA
PHLPP2	-1	RPS6KB1
PHLPP2	-1	AKT1
PHLPP2	-1	AKT2
PHLPP2	1	STK4
PHLPP2	-1	AKT3
PREX2	1	RAC1
SND1	1	STAT6
MARK2	-1	ARHGEF2
TAOK1	1	STK4
TAOK1	1	STK3
MOB1B	1	LATS1
MAVS	1	CASP8
TSPAN33	1	ADAM10
NET1	1	RHOA
SH3RF1	1	MAP3K11
HUWE1	-1	MCL1
CDH24	1	CTNNB1
NLRX1	-1	MAVS
NLRX1	-1	TRAF6
PIM3	-1	BAD
TAX1BP1	1	TNFAIP3
ARHGEF25	1	CDC42
ARHGEF25	1	RHOA
ARHGEF25	1	RAC1
STING1	1	TBK1
TBK1	1	STING1
FBXO11	-1	TP53
DTX1	1	EP300
MIB1	1	DLL1
HIPK1	0	DAXX
SIAH1	-1	NUMB
TIAM2	1	RAC1
MAP4K3	1	PRKCQ
EEF2K	0	MAPKAPK5
MAPKAPK5	0	EEF2K
MAPKAPK5	1	DNAJB1
ARHGEF19	1	RHOA
BRSK2	1	PRKAA1
TP53INP2	1	GABARAPL2
TP53INP2	1	MAP1LC3A
SIRT2	-1	KAT2B
HACE1	-1	RAC1
CDK20	1	CDK2
ABI1	1	CBL
WDFY3	-1	GABARAP
MYOCD	1	SRF
NLGN4X	1	DLG4
NLGN4X	1	NRXN1
SPART	1	ITCH
ITCH	1	SPART
SPART	1	WWP1
ARHGEF28	1	RHOA
NLGN1	1	NRXN2
NLGN1	1	NRXN1
NLGN1	1	NRXN3
CAMKK1	1	AKT1
CAMKK1	1	PRKAA1
CAMKK1	1	CAMK1
CAMKK1	1	CAMK4
NGEF	1	RHOA
EID2	-1	SMAD3
CDKN2A	1	ATR
TSC22D3	-1	NFKB2
HJURP	1	CENPA
CCNY	1	CDK14
LFNG	0	NOTCH1
NRXN2	1	NLGN2
NLGN2	1	NRXN2
NLGN2	1	DLG4
NLGN2	1	NRXN1
NRXN1	1	NLGN2
NLGN2	1	NRXN3
NRXN3	1	NLGN2
PJA1	-1	EZH2
KNL1	1	BUB1
CEP76	-1	PLK1
UHMK1	1	CDKN1B
MTOR	-1	DEPTOR
DEPTOR	-1	MTOR
LNX1	-1	NUMB
PREX1	1	RAC1
MAPK15	1	JUN
NEK9	1	NEK6
BRSK1	0	WEE1
BRSK1	-1	CDC25B
BRSK1	-1	CDC25C
UBASH3B	-1	CBL
FRS2	1	GRB2
STYX	-1	FBXW7
FBLIM1	1	FLNA
APH1B	1	PSEN1
APH1B	1	NCSTN
APH1B	1	PSENEN
PHIP	1	IRS1
LIPH	1	LPAR2
JDP2	-1	JUN
JDP2	-1	ATF2
ARAP2	-1	RHOA
ARAP2	-1	RAC1
SHC3	1	GRB2
PIK3R3	1	TP53
PIK3R3	1	PIK3CA
TSC1	-1	RHEB
MAML1	0	NOTCH1
MAML1	1	CDK8
EP300	1	MAML1
MAML1	1	EP300
DYRK2	-1	JUN
LPAR1	1	GNAQ
LPAR1	1	GNA12
LPAR1	1	GNA13
HDAC2	0	CCND1
HDAC2	-1	CIITA
CREBBP	1	TP53
CREBBP	1	STAT2
KAT6A	1	RUNX1
KAT2B	1	NOTCH1
KAT2B	1	SMAD3
KAT2B	1	SMAD2
INPP5D	-1	TRAF6
TANK	-1	TRAF2
RAD50	1	BRCA1
RAD50	1	MRE11
ARHGEF1	1	RHOA
COPS5	0	SMAD4
MAP4K1	1	LCP2
RIT1	1	BRAF
ARHGEF2	1	RHOA
KAT5	0	NOTCH1
DVL3	1	CSNK1E
USP9X	1	SMAD4
WNT2B	1	LRP5
WNT2B	1	FZD3
WNT8B	1	FZD3
KISS1R	1	GNAQ
CNKSR1	1	RASSF1
MRTFA	1	SRF
TP53INP1	1	GABARAP
TP53INP1	1	GABARAPL2
TP53INP1	1	MAP1LC3C
TP53INP1	1	MAP1LC3A
SRC	1	FERMT2
FERMT2	1	FBLIM1
SH3KBP1	1	CBL
APH1A	1	PSEN1
APH1A	1	PSENEN
SGK3	-1	FOXO3
SGK3	-1	GSK3A
SGK3	-1	GSK3B
OPTN	1	TBK1
TBK1	1	OPTN
AP2M1	-1	EGFR
SIRT1	1	AKT1
SIRT1	1	CTNNB1
SIRT1	-1	EP300
IRAK1	1	PELI1
PELI1	1	IRAK1
AURKB	-1	TP53
AURKB	1	YY1
AURKB	1	ATM
AURKB	1	PLEKHG6
AURKB	-1	KNL1
AURKB	-1	RASSF1
TSC22D3	-1	RELA
PAWR	-1	WT1
ITCH	-1	MAVS
ITCH	-1	DTX1
WNK4	1	STK39
VPS39	-1	SMAD4
MEGF10	1	ABCA1
FGD4	1	CDC42
DOCK7	1	CDC42
DOCK7	1	RAC1
SPATA13	1	CDC42
LRFN5	1	PTPRF
LRFN5	1	PTPRD
ARAP1	-1	RAC1
NEDD4L	-1	SMAD3
ARHGEF17	1	RHOA
NEDD4L	-1	SMAD2
TRPM7	1	ANXA1
F2RL3	1	GNAQ
F2RL3	1	GNAI1
F2RL3	1	GNA12
F2RL3	1	GNA13
TNFRSF13C	-1	TRAF3
UIMC1	1	BRCA1
CAMKK2	1	PRKAA2
CAMKK2	1	PRKAA1
TRIB3	-1	AKT1
NODAL	1	ACVR1B
TP53RK	1	TP53
RANBP9	-1	DYRK1B
GPHA2	1	TSHR
S1PR3	1	GNAQ
S1PR3	1	GNAI1
S1PR3	1	GNA13
EYA1	-1	H2AX
EYA3	-1	H2AX
MAP3K14	0	NFKB2
RIT2	1	POU4F1
SCAF11	1	PSEN1
NDN	-1	E2F1
NDN	1	EID1
LPAR4	1	GNAQ
MAP3K6	1	MAP3K5
MAP3K5	1	MAP3K6
MAP3K5	1	CDKN1A
NRTN	1	RET
MAP3K3	1	MAP2K4
MAP3K3	1	MAP2K3
MAP3K3	1	RCAN1
APBA2	1	NRXN1
SMO	1	GNAI1
MYD88	1	TRAF6
PTPN18	-1	ERBB2
DUSP9	-1	MAPK14
SEMA3C	1	NRP2
VRK1	1	TP53
VRK1	1	JUN
FYCO1	1	MAP1LC3B
FYCO1	1	MAP1LC3A
ARHGAP9	-1	RAC1
PI4K2A	-1	CLSPN
MKNK1	0	SPRY2
DUSP26	-1	TP53
DUSP26	-1	FADD
CDK19	0	PAK1
SORBS1	1	CBL
PINK1	1	HTRA2
PINK1	1	UBC
MAP1LC3C	-1	NBR1
MAP1LC3C	1	WDFY3
RSPO3	1	SDC4
ACE2	1	AGT
WNK3	1	WNK1
SPRY4	-1	RAF1
PHACTR1	1	PPP1CA
ARHGAP39	0	RAC1
MAP1LC3B	-1	NBR1
WNT10A	1	FZD3
CTDSP1	1	SMAD3
CTDSP1	0	SMAD2
WWTR1	1	SMAD3
WWTR1	1	SMAD2
NUAK2	-1	LATS1
KLC2	1	FYCO1
RACGAP1	-1	RAC1
SIK2	0	IRS1
SIK2	-1	CRTC2
WWP1	-1	TGFBR1
SIL1	1	HSPA5
LPAR5	1	GNA12
LPAR5	1	GNA13
MAP3K4	1	MAP2K3
WNT8A	1	LRP5
WNT8A	1	FZD3
WNT5B	1	FZD6
WNT5B	1	FZD3
S1PR5	1	GNAI1
PORCN	1	WNT3A
CARD9	1	BCL10
VPS11	1	EZR
TNKS2	-1	AXIN1
TNKS2	-1	AXIN2
HIPK2	1	CREB1
HIPK2	1	CDKN1B
HRH4	1	GNAI1
KDM4C	1	AR
HIPK3	-1	FADD
FZD8	1	LRP5
FZD8	1	LRP6
POFUT1	1	NOTCH1
WNK1	1	OXSR1
WNK1	1	STK39
PLK3	1	JUN
PLK3	1	ATF2
PLK3	-1	CDC25A
PLK3	1	CDC25C
PLK3	-1	PTEN
PLK3	1	BCL2L1
PLK3	-1	HIF1A
PLK3	1	VRK1
STK4	1	SAV1
SAV1	1	STK4
STK3	1	SAV1
SAV1	1	STK3
DEF6	1	CDC42
RGCC	1	CDK1
SOX17	-1	CTNNB1
MOB1A	1	LATS1
MOB1A	1	LATS2
PELI2	1	IRAK1
SMURF2	-1	TGFBR2
SMURF2	-1	SMAD5
CLK4	-1	ABL1
PRDM16	1	SKI
LPAR2	1	GNAQ
LPAR2	1	GNA12
LPAR2	1	GNA13
SGK2	-1	FOXO3
NEK6	1	SGK1
NEK6	1	RPS6KB1
SMURF1	-1	TGFBR2
SMURF1	-1	SMAD1
SMURF1	-1	SMAD5
CSNK1G1	0	FOXO1
PTPRH	-1	INSR
PTPRH	-1	GHR
MMP25	1	MMP2
FZD3	1	DVL1
FZD3	1	GNAQ
FZD3	1	GNB1
IL1RAP	-1	TOLLIP
CYLD	1	MAP3K7
CYLD	-1	TRAF2
CYLD	0	TRAF6
AURKA	1	INCENP
INCENP	1	AURKA
GPHN	1	ARHGEF9
DDX21	1	JUN
ARHGEF4	1	CDC42
ARHGEF4	1	RHOA
ARHGEF3	1	RHOA
LATS2	-1	YAP1
RASSF1	1	STK4
LATS2	1	YWHAG
LATS2	-1	WWTR1
DUSP22	-1	ESR1
ARHGAP35	0	RHOA
ARHGAP35	-1	RAC1
TOPORS	0	TP53
CYSLTR2	1	GNAQ
RNF146	-1	AXIN1
RNF146	-1	TNKS
RNF146	-1	TNKS2
RNF146	-1	AXIN2
IRAK4	1	PELI2
DACT1	-1	DVL2
PLK2	1	NPM1
PLK2	-1	FBXW7
PSENEN	1	PSEN1
NLGN3	1	NRXN2
NLGN3	1	DLG4
NLGN3	1	NRXN1
NLGN3	1	NRXN3
IL1RAPL1	1	NCS1
ARHGEF12	1	RHOA
C1RL	1	HP
BFAR	-1	CASP8
PDP1	-1	SMAD1
GMIP	-1	RHOA
DLGAP2	1	DLG4
PIM2	0	PKM
PIM2	1	CDKN1A
PIM2	-1	BAD
PAK5	-1	BAD
STK26	1	EZR
CTTNBP2NL	1	STRN
PDP2	-1	SMAD1
GALP	1	GALR2
NLK	1	STAT3
GNG12	1	PIK3CA
WNT16	1	FZD3
LPAR3	1	GNAQ
LPAR3	1	GNA12
LPAR3	1	GNA13
TJP2	-1	YAP1
TJP2	-1	WWTR1
STK17A	1	TP53
DAXX	1	MDM2
TBK1	1	IKBKB
TBK1	1	AKT1
TBK1	1	STAT6
TBK1	1	RELA
TBK1	1	SQSTM1
CTNNA3	1	CTNNB1
LCMT1	1	PPP2CB
EGFR	1	ERRFI1
ERRFI1	-1	EGFR
ERRFI1	-1	ERBB2
TAOK2	1	ELK1
FBXW11	1	SKP1
TNIK	1	TCF7L2
TLK1	1	RAD9A
VAV3	1	RHOA
BAG5	0	PRKN
BAG5	-1	HSPA1A
ZMIZ1	1	AR
NOTCH1	1	ZMIZ1
ZMIZ1	1	NOTCH1
FZD4	1	DVL1
FZD4	1	LRP5
FZD4	1	LRP6
FZD4	1	DVL3
KIT	1	STAP1
STAP1	1	KIT
TEC	1	STAP1
STAP1	1	TEC
PYCARD	1	BAX
ALK	0	GRB2
G3BP2	-1	NFKBIA
ARHGAP26	-1	RHOA
STUB1	-1	SMAD1
CDC14A	-1	TP53
FZD1	1	DVL3
CDC14A	0	SIRT2
FZD1	1	DVL1
FZD1	1	DVL2
USP22	1	SIRT1
CNTN6	1	NOTCH1
CTNND2	1	CDH1
CTNND2	1	CDH2
GAB2	1	PIK3CA
MAPK9	1	MAPK8IP1
MAPK8IP1	-1	MAPK9
CAMK2A	0	EGFR
CAMK2A	1	SRF
CAMK2A	-1	ETS1
CAMK2A	-1	ETS2
CAMK2A	1	CEBPB
CAMK2A	-1	HRH1
CAMK2A	-1	OPRM1
CAMK2A	1	HSF1
CAMK2A	1	PTK2
CAMK2A	-1	SMAD2
CAMK2A	-1	RCHY1
CAMK2A	1	CYLD
CAMK2A	-1	NCOR2
SH2B3	-1	JAK2
AKT3	1	CHUK
AKT3	-1	BRAF
AKT3	1	CREB1
AKT3	-1	CASP9
AKT3	-1	STK4
AKT3	-1	STK3
AKT3	1	CHUK_IKBKB_IKBKG
TRAF6	1	MAP3K14
CYSLTR1	1	GNAQ
BTRC	1	CDC25A
BTRC	-1	YAP1
BTRC	-1	SMAD3
DLGAP4	1	DLG4
MAST1	-1	PTEN
SIK3	-1	CRTC2
PTPN22	-1	LCK
PTPN22	-1	CBL
PTPN22	-1	ZAP70
AXIN2	1	APC
AXIN2	1	GSK3B
RNF11	1	ITCH
SH3BP1	-1	RAC1
WNK2	1	WNK1
RWDD3	1	HIF1A
DYRK1B	-1	CCND1
DYRK1B	1	CDKN1A
DYRK1B	1	CDKN1B
PRKAB1	1	ULK1
TLN1	1	ITGB4
DAAM1	1	RHOA
GPSM3	-1	GNAI1
IRAK1	1	TRAF6
TRAF6	1	IRAK1
TRAF6	1	TAB3
MAP4K5	-1	GSK3B
ATG4B	1	MAP1LC3C
UCHL5	1	SMAD3
CSAG2	1	SIRT1
INSIG2	-1	SCAP
SNX9	1	DNM2
IRAK3	-1	IRAK4
RFNG	1	NOTCH1
EID1	-1	EP300
STK24	1	STK38
WNT6	1	LRP5
WNT6	1	FZD3
EPN1	-1	EGFR
IKBKG	1	RELA
CDH10	1	CTNNB1
TSC1_TSC2	-1	RHEB
APC_AXIN1_GSK3B	-1	CTNNB1
CHUK_IKBKB_IKBKG	0	NFKBIA
CCNE2_CDK2	0	RB1
CCND1_CDK4	0	RB1
IFNAR1_IFNAR2	1	JAK1
IFNAR1_IFNAR2	1	TYK2
CCNA2_CDK2	0	RB1
TRH	1	TRHR
TRHR	1	GNAQ
SOX4	1	CTNNB1
NCOA2	1	AR
CDK18	0	RB1
PLK1	-1	MRE11
CDC14A	1	WEE1
INSIG1	0	SCAP
MBTPS1	1	SREBF2
MBTPS2	1	SREBF2
SCAP	1	SREBF2
PLK1	1	CDC25B
CDC25A	1	CDK4
CDC25A	1	CDK6
FBP1	-1	HIF1A
MAGEA3	1	TRIM28
MAGEC2	1	TRIM28
CDK9	1	TP53
ATM	1	CCAR2
ATR	1	CCAR2
CCAR2	0	SIRT1
SEPTIN4	-1	XIAP
PKM	1	STAT3
CSNK1D	-1	LEF1
CSNK2A1	0	PTPN1
CDKN2A	-1	CDK4
CDKN2A	-1	CCND1_CDK4
TJP1	1	ARVCF
CEBPB	1	CREB1
PPP3CA	1	BAD
TBK1	0	NFKBIA
SGK1	1	NR3C1
SGK1	-1	CDKN1B
SGK1	1	FBXW7
SGK1	-1	MAP3K3
ARVCF	1	CDH1
ARVCF	1	CDH2
BMPR1B	1	SMAD9
WNT10B	1	LRP6
WNT10B	1	FZD1
CDK10	-1	ETS2
SH2B2	-1	INSR
SOCS3	-1	IL6ST
SOCS3	-1	JAK3
SOCS6	-1	KIT
ADAM10	0	BTC
ADAM10	1	NOTCH1
KMT2D	1	ESR1
CHEK1	1	E2F3
CHEK1	1	RB1
CHEK1	-1	NFKB1
CHEK1	0	RASSF1
FFAR1	1	GNAQ
FFAR1	1	GNAI1
WNT9A	1	LRP5
WNT9B	1	LRP6
IKBKB	0	CYLD
AURKA	1	AR
AURKA	1	LATS2
ARHGEF10	1	RHOA
CTDSPL	1	SMAD3
KRAS	1	PIK3CB
LYN	1	PTPN6
PTPN6	-1	LYN
MAPK10	0	BCL2L11
MAPK10	1	TP53
MAPK13	-1	EEF2K
MAPK1	1	JUN
MAPK1	0	LCK
MAPK1	-1	PGR
MAPK1	1	PML
MAPK3	1	LRP6
MAPK3	1	PTPN7
MAPK9	0	BCL2L11
CTDSPL	0	SMAD2
MSC	-1	TCF3
NFKBIE	-1	NFKB1
VIM	1	PAK1
PAK1	1	VIM
PDGFB	1	PDGFRB
CDH9	1	CTNNB1
PKN1	1	RAF1
PLK1	1	DVL2
PPM1A	-1	AXIN1
PPM1D	-1	MAPK12
PPP1CC	1	CDK9
PPP2CA	0	RPS6KB1
PPP2CB	-1	IKBKB
PRKACA	-1	WT1
PRKCB	-1	MARCKS
PRKDC	1	IRF3
CDH7	1	CTNNB1
CTDSPL	-1	SMAD1
PTPN1	-1	PDGFRB
PTPRC	-1	JAK2
PTPRF	-1	RET
PTPRJ	-1	LAT
MMP2	-1	PZP
PZP	-1	MMP2
RAF1	-1	STK3
RNF8	1	UBE2N
ROCK1	-1	ARHGAP35
MRTFB	1	SRF
S1PR2	1	GNAQ
SARM1	0	TICAM1
SDCBP	1	SOX4
SKP2	0	MYC
ANXA1	1	SRC
SRC	1	ANXA1
STAT1	-1	RELA
TCL1B	1	AKT1
TNFRSF21	1	TRADD
MAP2K7	-1	FADD
PPP2CB	-1	PRKCB
SMAD9	1	SMAD4
PRKG1	0	CREB1
DVL2	1	AXIN1
GNAI1	1	RAC1
BCR	0	YWHAZ
BTRC	-1	SMAD4
RASSF5	1	KRAS
CDK1	-1	EEF2K
MAPK13	1	TP53
PAK3	1	RAF1
CDK6	0	CDKN1B
CDK7	1	CDK1
CSNK1D	1	DVL2
CSNK2A1	-1	CARD9
MAPK13	-1	PRKD1
SMO	1	GNG2
CSNK2A1	1	PIAS1
SMO	1	GNB1
CTDSPL	1	RB1
CTNND1	1	CDH1
DUSP3	-1	EGFR
CTNND1	1	EGFR
EGFR	-1	CTNND1
EGFR	1	PIK3R1
EP300	1	SMAD1
FSTL3	-1	MSTN
KIT	-1	SLA
CFI	-1	C3
IKBKB	-1	CDKN2A
PPM1D	-1	RPS6KA3
PPM1D	-1	MAPK14
NXPH1	1	NRXN1
PPP2CA	-1	PRKCB
PRKAA1	1	FOXO3
ULK1	-1	PRKAA1
PRKAA1	1	ULK1
PRKAA1	1	PIAS1
PRKAA1	0	RAF1
PRKAA1	1	TP53
ANKRD11	1	TP53
HDAC3	1	HDAC1
SETBP1	1	SET
SET	-1	PPP2CA
BIRC5	1	XIAP
CHEK1	-1	SYK
CHEK1	1	AURKB
SMAD7	1	TAB3
CHUK	-1	FOXO3
IFNW1	1	IFNAR1_IFNAR2
FYN	-1	ITCH
AKT1	-1	NR4A1
AKT2	-1	GSK3A
MOB1B	1	LATS2
SOCS1	-1	JAK3
SIK2	-1	CDK5R1
PRKCQ	0	IRS1
MAVS	1	STING1
AGTR1	1	GNAQ
AHSA1	1	HSP90AA1
AHSA1	1	HSP90AB1
AKT1	-1	BRAF
PDPK1	1	PRKCB
CHEK1	1	NEK11
GNA13	1	ARHGEF11
BCL2L1	-1	CASP9
FGFR2	1	PTEN
PTEN	0	FGFR2
CSNK2A1	0	HIF1A
SOCS3	-1	IRS1
F2R	1	GNAI1
AXIN1	0	SMAD7
FN1	1	SDC4
BMPR1A	1	BMPR1B
MCL1	-1	BAX
GNA13	1	RHOA
GNGT1	1	PIK3CA
CDK1	0	CDC25C
CDC25C	1	CDK1
GSK3B	-1	PTEN
CDK1	1	TP53
CDK8	-1	E2F1
IGF2	1	INSR
CHEK2	0	PML
MAP3K7	1	CHUK_IKBKB_IKBKG
JAK2	1	ARHGEF1
S1PR2	1	GNAI1
S1PR2	1	GNA12
S1PR2	1	GNA13
EGFR	1	STAT5B
KLKB1	1	HGF
WNT1	1	FZD8
WNT1	1	FZD3
DVL1	-1	APC
EDN1	1	EDNRB
JUN	1	SMAD4
PRKCB	1	RAF1
PRKCB	1	ANXA1
PRKCB	1	PSEN1
PRKCB	-1	GSK3A
EGFR	1	GAB1
EGFR	1	PTK2
PRKCB	0	PTPN11
EGFR	1	STAT1
HPN	1	F7
INSR	1	PIK3R1
INSR	1	SHC1
INSR	1	PTK2
INSR	1	GAB1
LCK	1	CD3E
LCK	1	VAV1
LCK	1	ACP1
LCK	0	NFKBIA
LCK	1	MAPK3
MAPK3	0	LCK
LCK	1	DEF6
LCK	1	SH2B3
FYN	1	LAT
FYN	0	PTPRF
PTPRF	0	FYN
ERBB2	1	ERBB4
FYN	1	CBL
FYN	1	TXK
FYN	1	RPS6KA3
FYN	0	LCP2
FYN	0	GRB10
FYN	1	MAPK14
CDK1	-1	NPM1
NPM1	1	CDK1
CDK1	1	NME1
CDK1	1	RPS6KB1
CDK1	-1	PML
CDK1	0	RUNX1
CDK1	1	KHDRBS1
CDK1	-1	MCL1
CDK1	1	SQSTM1
CDK1	-1	EZH2
CDK1	0	TSC1
CDK1	1	RAD9A
CDK1	0	ECT2
SOS2	1	KRAS
TNK2	1	AKT1
CAPN1	0	F2R
HSP90AA1	1	TGFBR1
YES1	-1	CDK4
LYN	1	PPP1R15A
LYN	1	CD19
CD19	1	LYN
LYN	1	MAP4K1
RET	1	MAPK3
RET	1	PTK2
PTK2	1	RET
RET	1	MAPK14
MMP2	1	TGFB1
CTSG	0	F2R
FYN	1	CDK5
MET	1	GRB2
CFH	1	CFI
FYN	1	VAV1
FZD2	1	LRP6
ADRA2A	1	GNAI1
WNT2	1	LRP5
FGR	0	SRC
SRC	0	FGR
PTPRF	1	LCK
KIT	1	PIK3R1
KIT	1	STAT1
FGF6	1	FGFR4
RALA	1	FOXO4
BCR	1	YWHAQ
PIM1	1	MYC
PIM1	-1	MARK3
PIM1	1	SKP2
FGFR1	1	BCAR1
CDK4	0	RB1
CDK4	-1	SMAD3
CDK4	-1	RUNX3
CDK4	-1	RASSF1
SKIL	-1	SMAD1
SRC	1	IKBKB
SRC	0	SPRY2
SRC	1	CTNND1
SRC	1	DAB1
SRC	1	IGF1R
SRC	1	KIT
SRC	-1	VCL
SRC	0	NFKBIA
SRC	0	EPHA2
SRC	0	PTPN6
PTPN6	0	SRC
SRC	1	AKT1
SRC	0	CTNNB1
SRC	1	TXK
SRC	-1	CDKN1B
HCK	1	CBL
HCK	1	STAT3
SRC	-1	CHN2
SRC	1	BTK
SRC	1	GAB1
SRC	1	PRKD1
TDGF1	-1	TGFB1
PRKAR2A	-1	PRKACB
DRD2	1	GNAI1
HRAS	1	PIK3CA
HRAS	1	PIK3CB
HSP90AA1	1	AR
CD19	1	VAV1
CD19	1	PIK3R1
NME1	-1	KSR1
KSR1	0	NME1
CHN1	-1	RAC1
CHN1	1	CDK5R1
IDE	-1	INS
ITGB4	1	PIK3CG
PDGFRA	1	SRC
IGF1R	1	PIK3R1
IKBKB	-1	IRS1
PRKCA	1	TP53
PRKCA	-1	MET
PRKCA	0	VIM
PRKCA	-1	KIT
PRKCA	0	RPL10
PRKCA	1	SHC1
INSR	1	CBL
CBL	0	INSR
PRKCA	1	CDKN1A
PRKCA	1	IQGAP1
INSR	1	PTPN6
PTPN6	0	INSR
PRKCA	1	PSEN1
PRKCA	0	PTPN12
PRKCA	1	PTPN11
PTPN11	1	PRKCA
PRKCA	-1	CREBBP
PRKCA	-1	EGLN2
PRKACA	0	ESR1
PRKACA	1	TFAP2A
PRKACA	1	FYN
PRKACA	0	HSP90AA1
PRKACA	-1	VIM
JAK2	1	EGFR
JAK2	-1	EZH2
PRKACA	-1	TBXA2R
PRKACA	-1	APC
PRKACA	1	GRK2
PRKACA	-1	PTPN7
PRKACA	-1	IRS1
PRKACA	1	VASP
VASP	1	PRKACA
PRKACA	0	RHOA
PRKACA	0	YWHAZ
PRKACA	0	PPP1R8
PRKACA	-1	LRRK2
KLKB1	1	MST1
KRAS	1	PIK3CG
CAPN2	-1	F2RL1
PTPN2	-1	EGFR
LAT	1	GRB2
LATS1	-1	WWTR1
DDX5	1	AR
LCK	1	LCP2
LCK	1	PTEN
LCK	1	PRKCQ
PRKCQ	0	LCK
PTPN1	-1	GHR
PTPN1	-1	PTK2
CDH2	1	CTNNB1
CDH2	1	CDON
PRKCA	0	PLCG1
PLCG1	1	PRKCA
PLCG1	1	SOS1
LTA	1	LTBR
EIF2AK2	-1	CDK1
MAF	-1	MYB
MAF	-1	ETS1
CSNK2A2	1	BID
CSNK2A2	0	CAV1
CSNK2A2	1	TCF7L2
CSNK2A2	1	PPP1R1B
MAP3K10	-1	TCF3
FST	-1	MSTN
FST	-1	INHBA
TNFRSF1B	1	TRAF1
CAPN3	1	GSK3A
S1PR1	1	GNAI1
MAPK14	-1	FGFR1
TNFAIP3	-1	RIPK1
TAF1	0	TP53
TBXA2R	0	GNA13
FGFR2	1	GRB2
ERBB3	1	GRB2
CDH3	1	CTNNB1
ENPP1	-1	INSR
FGFR4	1	STAT3
FGFR4	0	FRS2
PRKACA	-1	PTPRR
PRKACA	1	STK11
PRKACG	0	BAD
CBL	-1	ERBB2
RPS6KB1	1	ESR1
RPS6KB1	0	IRS1
RPS6KB1	-1	DEPTOR
MAPK1	1	MAPKAPK5
IL2RB	1	JAK1
JAK1	1	IL2RB
PTPRB	-1	INSR
PTPRB	-1	MET
PTPRB	-1	GHR
PTPRE	-1	INSR
PTPRE	1	SRC
PTPRE	-1	MAPK1
PRKACA	0	CAMKK1
PTPRG	1	INSR
PTPRG	1	PDGFRA
PTPRG	-1	SHC1
PTPRG	-1	KDR
MAPK1	1	RPS6KB1
PTPRG	1	ZAP70
PRTN3	0	F2R
BCL3	1	HDAC1
PRTN3	-1	F2RL1
EDNRB	1	GNAI1
ACP1	-1	AKT1
PRKCH	0	PTPN11
PRKCH	1	PRKD1
CDK2	1	CHEK1
CDK2	1	NR3C1
CDK2	-1	NPM1
CDK2	1	PRKAR1A
CDK2	-1	WEE1
WEE1	0	CDK2
CDK2	1	CDC25C
CDK2	1	BRCA1
CDK2	-1	SMAD3
CDK2	0	RUNX1
CDK2	1	DLG1
CDK2	-1	SIRT2
GRK2	1	SMO
MAPK8	-1	STAT6
TACR1	1	GNAQ
F2R	1	GNAQ
PTX3	1	CFH
PTPN3	-1	GHR
YWHAQ	-1	CDKN1B
MAPK3	-1	LAT
MAPK3	-1	JAK2
MAPK3	1	ESR1
MAPK3	1	TP53
MAPK3	1	JUN
MAPK3	0	BCL2
MAPK3	-1	FGFR1
MAPK3	0	TCF3
MET	1	PTK2
MAPK3	1	MAPKAPK2
MIF	1	CD74
MAPK3	1	PPARA
MAPK3	-1	PAK1
MAPK3	1	GRB10
MAPK3	1	PCBP2
MAPK3	1	NCOA1
MMP9	1	TGFB1
MARK3	-1	CDC25C
HTR2C	1	GNAQ
MAPK1	-1	FOXO3
MAPK1	1	ESR1
MAPK1	0	THRB
MAPK1	-1	FGFR1
MAPK1	1	ATF2
MAPK1	0	TCF3
MAPK1	1	CAPN2
MAPK1	0	CDKN1A
MAPK1	0	CDKN1B
MAPK1	0	RUNX1
MAPK1	1	MCL1
MAPK1	1	SREBF2
MAPK1	1	GRB10
MAPK1	-1	PPP2R5C
MAPK1	0	GAB1
MAPK1	1	PCBP2
MAPK1	1	NCOA1
MAPK1	-1	SMAD1
MAPK1	0	GIGYF2
MAPK1	1	ABI1
MAPK1	-1	MRTFA
MAPK1	1	DUSP16
CCN2	1	LRP6
PTPN6	-1	KIT
PTPN6	-1	KDR
KDR	0	PTPN6
KDR	1	PLCG1
CASK	0	ID1
PRKACA	0	LCK
GSK3B	0	TP53
CDK9	-1	SMAD1
PRKCG	1	ARHGEF7
PRKCG	1	GRK2
PRKCG	-1	GSK3A
PRKCH	-1	GSK3A
PRKCH	-1	GSK3B
PRKCI	-1	NUMB
RPS6KA3	1	ATF4
BMX	1	PTK2
KPNA1	1	KPNB1
RAP1GDS1	1	KRAS
RAP1GDS1	1	RHOA
PLK1	0	CTNNB1
PLK1	0	HSF1
PLK1	1	MDM2
PLK1	1	RACGAP1
PLK1	0	TOPORS
MAPK10	1	APP
MAPK10	1	JUN
PRKAA2	1	IKBKB
PRKAA2	-1	VASP
PRKAA2	0	PAK2
PTPN1	-1	EPHA3
PTPN1	-1	LAT
PTPN1	-1	MET
PTPN1	0	SRC
PTPN2	-1	SRC
CASP6	1	PSEN1
PTPN2	-1	STAT6
CDH11	1	CTNNB1
CDH15	1	CDON
PTPN6	-1	NTRK1
PTPN6	-1	PTK2B
PTPN9	-1	INSR
PTPRF	-1	AKT1
WNT3A	1	LRP5
PTPRG	-1	KIT
MAPK9	-1	YWHAZ
MAPK9	1	BAZ1B
PTPRG	-1	PDGFRB
PTPRG	1	PRKCD
PTPRG	1	STAT1
PPP4C	1	RELA
RASGRF2	1	RAC1
RCAN1	-1	PPP3CA
PPP1CA	1	RAF1
PPP1CA	-1	TP53
PPP1CA	-1	MAPK1
PPP1CB	-1	AXIN1
PPP1CB	-1	AKT1
PPP1CB	1	NF2
PPP1CB	1	MDM2
PPP2CB	1	CHEK2
PPP2CB	1	BCL2
PPP2CB	-1	RALA
PPP2CB	-1	TRAF2
PPP2CB	-1	CARD11
PPP2CB	-1	AKT3
RNF8	1	H2AX
RAC1	1	MAPK8
PPP2R2A	-1	AKT1
PPP2R2A	1	TGFBR1
GNG3	1	PIK3CA
UBE2I	-1	FOS
UBE2I	-1	JUN
UBE2I	0	SMAD4
PPP2CA	1	BCL2
PPP2CA	-1	MAPK3
PPP2CA	-1	MAPK1
PPP2CA	-1	AKT1
PPP2CA	-1	AKT2
PPP2CA	1	CTNNB1
PPP2CA	-1	PRKCD
PPP2CA	-1	TRAF2
PPP2CA	-1	ATM
PPP2CA	-1	AKT3
CSNK2B	1	CTNNB1
CSNK2B	0	IRS1
CSNK2A1	1	TFAP2A
CSNK2A1	0	PGR
CSNK2A1	-1	HSP90AB1
CSNK2A1	1	PTPRC
CSNK2A1	1	SRF
CSNK2A1	1	CDH1
CSNK2A1	0	ATF1
CSNK2A1	-1	YWHAQ
CSNK2A1	1	AKT1
CSNK2A1	0	IRS1
CSNK2A1	0	BRCA1
CSNK2A1	1	PPP1R2
CSNK2A1	1	RELA
CSNK2A1	1	TLE1
CSNK2A1	1	MDC1
CSNK2A1	1	PTGES3
CSNK2A1	1	HDAC2
CSNK2A1	1	PPP1R1B
CSNK2A1	1	DAXX
SKP1	1	CUL1
RELN	1	VLDLR
PRKDC	1	CHEK2
ADAM17	1	AREG
ADAM17	1	NOTCH1
DAB2	-1	LRP6
CDK6	0	RUNX1
CDK5	1	TP53
CDK5	-1	RB1
CDK5	-1	DRD2
E2F1	1	HDAC1
E2F1	1	TFDP1
TFDP1	1	E2F1
SPRY2	-1	CBLB
POU4F1	1	ESR1
SRC	1	ARAF
SRC	-1	CDH2
PRKCE	1	IQGAP1
SRC	1	EZR
SRC	1	GTF2I
SRC	1	PRKCI
GNA12	1	ARHGEF11
GNA12	1	RHOA
GNA12	1	ARHGEF12
CAV1	1	LRP6
PTPN12	-1	JAK2
PTPN12	-1	ABL1
PTK2	1	TRIO
ACTN1	0	PTK2
PTK2	0	ACTN1
PRKCZ	1	IKBKB
PRKCZ	1	AKT2
PRKCZ	0	IRS1
PRKCZ	1	PSEN1
PRKCZ	-1	GSK3B
PRKCZ	-1	CASP9
PRKCD	-1	EGFR
PRKCD	-1	CDH1
PRKCD	1	PTPRA
PRKCD	1	SHC1
PRKCD	1	SDC4
PRKCD	-1	YWHAB
SYK	1	BTK
PRKCD	1	IL6ST
PRKCD	1	STAT3
PRKCD	0	OPRD1
PRKCD	-1	GSK3A
PRKCD	-1	YWHAZ
PRKCD	0	DAB2
PRKCD	1	CTTN
PTPN11	0	SRC
PTPN11	-1	CTNNA1
PTPN11	-1	PTK2
BTK	1	GTF2I
TBXA2R	1	GNAQ
TCL1A	1	AKT2
TCL1A	1	AKT3
TEK	1	PIK3R1
TEK	1	SHC1
GNG2	1	GNB1
GNB1	1	GNG2
PTPRJ	-1	INSR
PTPRJ	0	SRC
PTPRJ	-1	FLT1
PTPRJ	-1	PLCG1
PTPN13	-1	INSR
TRAF2	1	TRAF1
TRAF1	1	TRAF2
TRAF2	1	MAP3K1
PPP1R8	-1	PPP1CA
TNFAIP3	-1	TRAF6
PTP4A2	1	CDK2
STK4	1	LATS1
ABL1	1	STK4
STK4	-1	ABL1
TNFRSF1A	1	TRAF2
STK4	1	LATS2
TP53	1	BAK1
PRKAA1	-1	RB1
ERBB4	1	SHC3
PRKAA1	1	FOXO1
PRKAA1	1	KLC2
PAK1	1	PLK1
PAK1	-1	ARHGEF2
TTK	1	TP53
PAK2	-1	VIM
TXK	1	LCP2
ABL1	1	STK3
STK3	-1	ABL1
MAP3K1	1	STAT3
UCHL1	1	UBC
NOG	-1	GDF5
USF1	-1	FOSL1
PTK7	-1	CTNNB1
SKP2	-1	CDKN1A
SKP2	0	CDKN1B
ATM	1	BUB1
VEGFD	1	KDR
WNT3A	1	FZD8
MAPK3	-1	PPP2R5C
MAPK8IP2	1	MAPK8IP1
WNT7B	1	LRP5
ROCK1	1	EZR
ROCK1	1	PTEN
FZD5	1	LRP6
FZD5	1	DVL3
YWHAQ	-1	CDC25C
YWHAH	-1	CDKN1B
PIN1	1	NOTCH1
PIN1	-1	IRF3
RIPK1	1	MAP3K7
FAS	1	RIPK1
RIPK1	1	FAS
RIPK1	1	MAP3K1
RIPK1	1	DAB2IP
HDAC1	0	CCND1
TGFBR1	1	VPS39
HDAC1	-1	RELA
DYRK1A	-1	FOXO3
PTPN1	0	ACTN1
CSNK1D	-1	MDM2
TNFRSF25	1	TRADD
MNAT1	1	ESR1
USP24	1	DDB2
GGCX	1	F10
CCP110	1	CALM1
CDK2	-1	CCP110
CALM2	1	PPP3CA
CCP110	1	CALM3
CCNF	-1	CCP110
CSNK2A1	-1	CCNF
ARHGAP10	0	RHOA
CD300LB	1	GRB2
SGK1	0	NEDD4L
TLR4	1	TICAM1
MFNG	0	NOTCH1
E2F3	1	TFDP1
PPP6C	-1	MAP3K7
WNT10B	1	LRP5
WNT10B	1	FZD2
WNT10B	1	FZD3
WNT7A	1	FZD7
WNT7A	1	LRP6
WNT7A	1	FZD3
CDK2AP1	-1	CDK2
PTPRT	-1	PXN
CTDSP2	1	SMAD3
CTDSP2	0	SMAD2
DVL1	1	LRP6
LRP6	1	DVL1
DVL1	-1	GSK3B
DVL1	1	RHOA
DVL2	1	LRP6
ADAM10	1	CDH1
RIOK3	-1	IFIH1
MAP2K7	-1	IRS1
MSTN	1	ACVR2B
WNT9A	1	LRP6
WNT9A	1	FZD3
WNT9B	1	LRP5
WNT9B	1	FZD3
IKBKB	-1	FOXO3
IKBKB	-1	YWHAB
IKBKB	1	RELA
IKBKB	-1	BAD
EREG	1	ERBB3
AURKA	1	FADD
AURKA	-1	PIN1
MCF2L	1	CDC42
MCF2L	1	RHOA
ARHGEF11	1	RHOA
CHUK	0	CCND1
CHUK	1	TAX1BP1
CHUK	0	CYLD
TRIM24	1	AR
NUAK1	1	TP53
PDPK1	1	MAP2K2
PDPK1	1	PRKCE
PDPK1	1	MAP2K1
PDPK1	1	PRKCQ
PDPK1	1	PRKCZ
PDPK1	1	PRKCD
PDPK1	1	PAK1
PDPK1	1	PKN1
PDPK1	1	SGK3
PDPK1	1	CARD11
PDPK1	1	SGK2
NUAK1	-1	CASP6
PDPK1	1	AKT3
FFAR2	1	GNAQ
ARHGAP6	-1	RHOA
ADAM12	1	SDC4
DAPK3	1	TP53
DAPK3	1	MDM2
CCP110	1	CALM2
ARHGEF9	1	CDC42
MAP3K7	0	PTPN3
MAP3K7	-1	KSR1
MAST3	1	PTEN
SMAD6	-1	MAP3K7
SMAD6	-1	SMAD4
LAT	1	PIK3CA
PSTPIP1	1	PTPN18
GALR2	1	GNAQ
SPRY1	-1	SOS1
STRN	1	PPP2CA
NUAK1	-1	LATS1
PHLPP1	-1	RAF1
PHLPP1	-1	PRKCB
PHLPP1	-1	PRKCA
PHLPP1	-1	RPS6KB1
PHLPP1	-1	AKT1
PHLPP1	-1	AKT2
PHLPP1	1	STK4
PHLPP1	-1	AKT3
FZD6	1	DVL1
NRP2	1	VEGFC
VEGFC	1	NRP2
TLR2	1	TIRAP
TLR2	1	TICAM1
RAD1	1	TOPBP1
JAK2	1	RAF1
JAK2	1	GTF2I
JAK2	-1	MAP3K5
JAK2	1	GAB2
CTNND1	1	CDH2
CTNND1	1	CDH3
CTNND1	1	CDH5
CTNND1	1	RAC1
CDC14B	-1	TP53
CDC14B	-1	SKP2
CDC14B	0	SIRT2
FZD7	1	DVL1
SS18L1	1	CREBBP
SIN3B	-1	TP53
CDH16	1	CTNNB1
PTP4A3	-1	EZR
PRKAA2	1	ULK1
ERN1	1	TRAF2
RPS6KA5	1	ELK1
RPS6KA5	0	NR4A1
RPS6KA5	1	STAT3
RPS6KA5	-1	BAD
MYCBP2	0	MYC
MYCBP2	-1	AR
PPM1B	-1	IKBKB
PPM1B	-1	CDK9
TRIO	1	RAC1
PRKD3	0	GIT1
TOMM70	1	HSP90AA1
TOMM70	1	HSPA1A
CDK14	1	LRP6
ARHGEF15	1	RHOA
PAK4	0	PXN
GABARAP	1	GPHN
TNKS	-1	AXIN1
TNKS	-1	AXIN2
EPM2A	0	GSK3B
ATG7	1	MAP1LC3C
MAP3K6	1	MAPK14
ZFYVE9	1	SMAD3
TNFRSF6B	-1	TNFSF15
TNFRSF6B	-1	FASLG
ABCA1	1	APOA1
APOA1	1	ABCA1
OXSR1	-1	PAK1
TCL1B	1	AKT2
PAK4	1	CTNNB1
WNT11	1	FZD6
WNT11	1	FZD7
WNT11	1	FZD3
CHEK2	1	SOD1
CHEK2	1	RB1
CHEK2	1	TTK
TTK	1	CHEK2
CHEK2	1	VHL
CHEK2	1	PPP2R5C
NSD2	1	AR
SOD1	0	BCL2
ABL1	-1	PRKN
ABL1	1	AHSA1
ABL1	0	JUN
ABL1	1	CEBPB
ABL1	1	DDX5
ABL1	1	PPARG
ABL1	-1	CDKN1B
ABL1	1	PLK1
ABL1	-1	BTK
ABL1	1	ATR
ABL1	1	RIN1
ABL1	1	HDAC2
ABL1	1	MAP4K1
ABL1	1	HIPK2
EGFR	-1	ABCA1
EGFR	1	ANXA1
EGFR	-1	CALM1
EGFR	-1	CALM2
EGFR	0	CALM3
EGFR	1	EZR
EGFR	0	PTPN1
PTPN1	-1	EGFR
EGFR	0	RASA1
RASA1	1	EGFR
EGFR	1	EPS15
EPS15	0	EGFR
EGFR	1	VAV2
VAV2	1	EGFR
MOS	1	MAP2K1
F2	0	F2R
F2	1	F2RL1
F2	1	F2RL3
HP	1	APOA1
F9	1	F7
F7	1	F9
F10	1	F2
F10	1	F7
F7	1	F10
PLG	0	F2R
F12	1	KLKB1
KLKB1	1	F12
SERPINC1	-1	F2
SERPINC1	-1	F9
SERPINC1	-1	F10
SERPINC1	-1	F11
A2M	-1	MMP2
MMP2	-1	A2M
HRAS	1	ARAF
NRAS	1	ARAF
NRAS	1	PIK3CB
NRAS	1	PIK3CG
HRAS	1	JUN
HRAS	1	PIK3CG
KRAS	1	PIK3CA
KRAS	1	RASSF1
TGFB1	1	PPP2R2A
TNF	1	TNFRSF21
IFNA1	1	IFNAR1_IFNAR2
IFNB1	1	IFNAR1_IFNAR2
KRT14	-1	TRADD
APOA1	1	APOE
APOE	1	VLDLR
ESR1	1	PIK3R1
F11	1	F9
F11	1	HGF
KLKB1	1	KNG1
RAF1	-1	MAP3K5
NR3C1	1	LCK
NR3C1	1	CEBPB
NR3C1	1	DUSP1
NR3C1	1	HDAC1
CD74	1	CXCR4
ERBB2	1	SHC3
ERBB2	1	DOCK7
WNT1	1	FZD6
WNT1	1	LRP5
WNT1	1	FZD1
TP53	-1	ETS1
S100A8	-1	TLR4
PRKCG	1	ANXA1
PRKCG	-1	HSP90AA1
PRKCG	1	PEBP1
PRKCG	1	PSEN1
PRKCG	1	DAB2
SERPING1	-1	F12
MPO	0	APOA1
FGF1	1	FGFR4
FGF1	1	FGFR3
INSR	0	PIK3R3
PRKCB	0	DAB2
PRKCB	0	BTK
PRKCB	1	NFE2L2
INSR	-1	CALM1
INSR	-1	CALM2
INSR	-1	CALM3
LCK	1	LAT
LCK	1	ESR1
LCK	1	CD28
LCK	1	IL2RB
IL2RB	-1	LCK
LCK	0	EZR
LCK	1	SHC1
LCK	1	PRKCD
FYN	1	CD300LB
FYN	1	ACP1
FYN	-1	CHN2
FYN	0	CAV1
CAV1	1	FYN
FYN	1	PRKCQ
CDK1	1	CHEK1
CDK1	1	BUB1
CDK1	1	LATS1
CDK1	-1	EGFR
CDK1	0	RB1
CDK1	0	VIM
CDK1	1	AR
CDK1	-1	BCL2
CDK1	0	PTPN2
CDK1	0	PTPN1
CDK1	-1	STIP1
CDK1	1	BRCA1
CDK1	-1	CASP9
CDK1	-1	PPP1CA
CDK1	-1	MAP2K1
CDK1	0	FOXO1
CDK1	0	DLG1
CDK1	-1	CASP8
CDK1	-1	SIRT2
CDK1	-1	ABI1
CDK1	1	SIRT1
CD3E	1	NCK1
CDK1	1	INCENP
CDK1	0	EPN1
S100A9	1	TLR4
NPM1	1	FBXW7
FES	0	BCR
IGF1R	1	PDPK1
CAPN1	1	GSK3A
CAPN1	-1	F2RL1
CAPN1	1	CDK5R1
PRSS2	1	F2RL1
HSP90AA1	-1	NR3C1
HSP90AA1	1	PPP5C
LYN	-1	CDKN1B
LYN	0	PRKCD
LYN	1	BTK
LYN	-1	PPP1R8
RET	1	PDPK1
RET	1	MAPK1
RET	1	AKT1
IGF1R	-1	CRK
IGF1R	1	PIK3R3
HSP90AB1	1	AR
PTPRC	0	LCK
ELANE	0	F2R
ELANE	-1	F2RL1
CTSG	1	AGT
CTSG	1	C3
CTSG	0	F2RL1
PTPRC	1	FYN
PTPRC	0	LYN
PTPRC	-1	TYK2
CFH	-1	C3
FGF4	1	FGFR4
IL6R	1	JAK2
CHRM5	1	GNAQ
FGF2	1	FGFR4
FGF2	1	FGFR3
HMGB1	1	TLR4
WNT2	1	LRP6
PDGFRB	1	FYN
PDGFRB	1	SRC
PDGFRB	1	GRB2
PDGFRB	1	PTK2
PARP1	1	TP53
FURIN	1	NOTCH1
UBC	1	PRKN
HSPA1A	-1	NR3C1
CALM1	1	PPP3CB
CALM1	1	PPP3CC
CALM1	1	PPP3CA
CALM1	1	CAMKK1
CALM2	1	PPP3CB
CALM2	1	PPP3CC
CALM3	1	PPP3CB
CALM3	1	PPP3CC
CALM3	1	PPP3CA
PRKAR1A	-1	PRKACA
PRKAR1A	-1	PRKACB
TFPI	1	VLDLR
KIT	1	JAK2
KIT	1	PTPN11
CD28	1	PIK3CG
MCF2	1	CDC42
MCF2	1	RHOA
MCF2	1	RAC1
BCR	-1	RAC1
PIM1	-1	FOXO3
PIM1	1	FLT3
PIM1	1	CDKN1A
PIM1	-1	CDKN1B
PIM1	1	MDM2
PIM1	1	RELA
PIM1	-1	MAP3K5
FGFR1	-1	CTTN
CDK4	-1	BRCA1
FGF5	1	FGFR1
FGF5	1	FGFR2
SKI	-1	EP300
ACE	1	AGT
CDH1	1	CTNNA1
SRC	1	PDPK1
SRC	1	KRAS
ESR1	1	SRC
SRC	1	ESR1
SRC	1	HSP90AB1
SRC	1	BDKRB2
SRC	0	CDH5
SRC	1	FLT4
SRC	-1	PPP2CA
PPP2CA	-1	SRC
SRC	1	STAT1
SRC	1	FHIT
SRC	0	MMP14
SRC	1	STAT5B
SRC	1	RPS6KA3
RPS6KA3	0	SRC
SRC	1	BMX
SRC	-1	PTEN
SRC	1	GRB2
GRB2	1	SRC
SRC	1	RAC1
SRC	1	TIAM1
SRC	1	PAK2
SRC	0	GRB10
SRC	-1	CASP8
SRC	-1	SIRT2
SRC	1	ARHGEF4
SRC	1	ARHGAP35
SRC	1	VAV3
XRCC6	1	PRKDC
TDGF1	0	ACVR2A
TDGF1	1	ACVR1B
TDGF1	1	NODAL
CTSE	-1	A2M
MIF	1	CXCR4
MMP9	-1	PZP
PZP	-1	MMP9
IL2RB	1	SHC1
EZR	1	FES
VAV1	1	GRB2
VAV1	1	RAC1
ITGB4	1	PIK3CB
H2AX	1	NBN
ITGB4	1	PIK3CA
FER	1	AR
PDGFRA	1	PTK2
PPP3CB	-1	FLNA
PPP3CB	0	DNM2
PPP3CB	1	BAD
NCK1	1	SOS1
TSHR	1	GNAQ
GNB3	1	PIK3CA
IL7R	1	JAK1
PRKCA	-1	EGFR
PRKCA	1	ANXA1
INSR	1	PRKCA
PRKCA	1	INSR
PRKCA	0	LCK
PRKCA	1	EZR
PRKCA	0	SRF
PRKCA	0	ADRA1B
SRC	1	PRKCA
PRKCA	0	SRC
PRKCA	0	ITGB4
PRKCA	-1	DDX5
PRKCA	1	VCL
VCL	1	PRKCA
PRKCA	0	CBL
PRKCA	0	PTPN6
PRKCA	1	SDC4
PRKCA	-1	HRH1
PTPN1	-1	AKT1
AKT1	-1	PTPN1
PRKCA	0	OPRD1
PRKCA	0	PTGIR
PRKCA	-1	GSK3B
PRKCA	1	PRKG1
PRKACA	1	SRC
PRKCA	1	PRKD1
PRKCA	1	RALBP1
PRKACA	1	EEF2K
PRKACA	1	AURKA
PRKACA	-1	CTNND1
PRKACA	1	LRP6
PRKACA	1	ABCA1
PRKACA	1	FOS
PRKACA	1	ERBB2
PRKACA	0	RET
PRKACA	1	SRF
PRKACA	0	ITGB4
PRKACA	0	CAPN2
PRKACA	1	ATF1
PRKACA	0	RXRA
PRKACA	0	CCND1
PRKACA	1	PRKAR2B
PRKAR2B	-1	PRKACA
PRKACA	-1	CIITA
PRKACA	1	CTNNB1
PRKACA	0	NF2
PRKACA	-1	HRH1
PRKACA	1	CSK
PRKACA	0	PSEN1
PRKACA	-1	GSK3A
PRKACA	0	GSK3B
PRKACA	-1	PRKAA2
PRKACA	-1	CASP9
PRKACA	1	HSF1
PRKACA	1	RELA
PRKACA	-1	PRKAA1
PRKACA	0	AKAP13
PRKACA	-1	PIN1
PRKACA	-1	GNA13
PRKACA	-1	FRAT1
PRKACA	-1	NEDD4L
CAPN2	1	GSK3A
CAPN2	1	CDK5R1
PTPN2	-1	FYN
PTPN2	-1	MET
PTPN2	0	PDGFRB
PTPN2	-1	GHR
PTPN2	-1	SHC1
PTPN2	-1	FKBP4
PTPN1	-1	ABL1
PTPN1	-1	BCR
PTPN1	-1	NFKBIA
PTPN1	-1	STAT5B
PTPN1	-1	CAV1
PTPN1	-1	PRKCD
PTPN1	1	CTTN
PTPN1	-1	NTRK2
PTPN1	-1	MAPK15
CSNK2A2	0	PTPN1
PTPRA	-1	LYN
NCL	-1	MYB
EIF2AK2	-1	NFKBIA
CSNK2A2	1	PTPRC
CSNK2A2	1	PPP1R2
CSNK2A2	-1	PTEN
CSNK2A2	1	HSF1
CSNK2A2	-1	SET
CSNK2A2	1	PPP1R8
CSNK2A2	1	HDAC1
CSNK2A2	1	HDAC2
RXRA	-1	CTNNB1
CR2	1	CD19
CHRM3	1	GNAQ
BCL3	1	HDAC3
CAST	-1	CAPN1
TACR2	1	GNAQ
CNR1	1	GNAI1
FGFR2	0	FRS2
ERBB3	1	PIK3CA
ERBB3	1	PIK3CB
ERBB3	1	PIK3CG
PTPRG	1	PXN
FGFR4	1	STAT1
FGFR3	1	STAT3
FGFR3	1	STAT1
FGFR3	0	PTEN
PTEN	0	FGFR3
CBL	-1	KIT
CBL	-1	FLT3
PRKACB	0	BAD
KEL	1	EDN3
RPS6KB1	-1	MRE11
PTPRG	-1	JAK2
PTPRB	1	MAPK3
PTPRB	-1	KDR
PTPRG	-1	DAB1
PTPRG	-1	ABL1
PTPRG	0	EGFR
PTPRG	1	ERBB2
PTPRG	-1	MET
PTPRG	-1	SRC
PTPRG	-1	VCL
PTPRG	-1	CDK2
PTPRG	1	STAT3
PTPRG	-1	BMX
PTPRG	1	STAT2
PTPRG	0	PTK2
PTPRG	-1	BTK
PTPRG	-1	CTTN
PTPRZ1	-1	ARHGAP35
CMA1	1	EDN1
CMA1	1	EDN3
CCND1	1	HDAC3
IL4R	1	JAK2
IL4R	1	IRS1
IL4R	1	IRS2
EDNRB	1	GNAQ
ACP1	-1	PDGFRB
ACP1	0	SRC
ACP1	-1	AKT2
ACP1	-1	AKT3
PRKCH	1	ANXA1
PRKCH	0	MAPK1
CDK2	1	ESR1
CDK2	1	TP53
PGR	1	CDK2
CDK2	0	PGR
CDK2	1	CEBPB
CDK2	0	PTPN2
CDK2	1	CCNA2
CDK2	-1	GRK2
CDK2	0	CDKN1B
CDKN1B	-1	CDK2
CDK2	1	CDK7
CDK7	0	CDK2
CDK2	-1	PPP1CA
CDK2	-1	ID2
CDK2	-1	ID3
CDK2	1	SKP2
CDK2	1	EZH2
CDK2	0	RAD9A
CDK2	1	RBBP8
GRK2	-1	ADRA2A
GRK2	1	EZR
GRK2	-1	BDKRB2
GRK2	-1	OPRD1
GRK2	-1	MAPK14
ADRA1D	1	GNAQ
EDNRA	1	GNAQ
F2R	1	GNA12
FAS	1	MAP3K5
YY1	-1	NOTCH1
MST1	1	STK4
ACVR2A	1	ACVR1B
ACVR2A	1	ACVR1
APBB1	1	MAPK3
MAPK3	0	APBB1
MAPK3	-1	FOXO3
MAPK3	0	MITF
MAPK3	0	EGFR
MAPK3	-1	NR3C1
MAPK3	-1	PGR
MAPK3	-1	MYB
MAPK3	-1	THRB
MAPK3	1	ATF2
MAPK3	1	CAPN2
MAPK3	0	RXRA
MAPK3	1	RPS6KB1
MAPK3	1	PML
MAPK3	0	GRK2
MAPK3	0	CIITA
MAPK3	-1	IRS1
MAPK3	-1	PPARG
MAPK3	-1	LIFR
MAPK3	-1	CDKN1B
MAPK3	-1	CEBPA
MAPK3	-1	GSK3B
MAPK3	1	RCAN1
MAPK3	-1	CASP9
MAPK3	1	GTF2I
MAPK3	1	ADAM17
MAPK3	0	HSF1
MAPK3	1	MCL1
MAPK3	1	SREBF2
MAPK3	0	GAB1
MAPK3	0	SMAD4
MAPK3	1	CTTN
MAPK3	-1	CASP8
MAPK3	1	PTPRR
MAPK3	-1	STK11
MAPK3	1	ABI1
MAPK3	-1	BAD
MAPK3	1	ARHGEF2
MAPK3	-1	MRTFA
MAPK3	1	BAZ1B
MAPK3	1	GAB2
ARNT	1	HIF1A
RPL10	-1	YES1
PIK3R1	1	PIK3CA
PIK3R1	1	PIK3CB
PIK3R1	0	PIK3CG
HTR2A	1	GNAI1
MAPK1	1	PARP1
MAPK1	1	APBB1
MAPK1	-1	JAK2
MAPK1	0	MITF
MAPK1	1	LRP6
EGFR	1	MAPK1
MAPK1	0	EGFR
MAPK1	1	MYC
MAPK1	-1	NR3C1
MAPK1	0	MYB
MAPK1	0	AR
MAPK1	0	BCL2
MAPK1	-1	TNFRSF1A
MAPK1	1	EIF2AK2
MAPK1	0	RXRA
MAPK1	1	NR4A1
MAPK1	1	PTPN7
PTPN7	-1	MAPK1
MAPK1	1	CDK2
MAPK1	0	CIITA
MAPK1	-1	IRS1
MAPK1	-1	PPARG
MAPK1	-1	LIFR
MAPK1	1	IER3
MAPK1	-1	CEBPA
MAPK1	-1	TSC2
MAPK1	0	GSK3B
MAPK1	1	RCAN1
MAPK1	1	CSNK2A1
MAPK1	1	GTF2I
MAPK1	1	KHDRBS1
MAPK1	1	PPARA
MAPK1	1	EP300
MAPK1	0	PAK1
MAPK1	0	MYO9B
MAPK1	0	SMAD4
MAPK1	1	TP53BP2
MAPK1	0	DOCK1
MAPK1	1	CTTN
MAPK1	-1	CASP8
MAPK1	1	PTPRR
PTPRR	-1	MAPK1
MAPK1	-1	STK11
MAPK1	-1	TSC1
MAPK1	-1	BAD
MAPK1	1	ARHGEF2
MAPK1	1	MKNK1
MAPK1	0	ARHGAP26
MAPK1	1	GAB2
DUSP1	-1	MAPK9
GRN	-1	TNFRSF1A
EPHB2	-1	ARHGEF15
PTPN6	0	EGFR
PTPN6	-1	IL2RB
PTPN6	0	STAT3
PTPN6	-1	SYK
PTPN6	0	CASP8
TACR3	1	GNAQ
CASP1	1	PSEN1
TYK2	1	DUSP3
PPP2R1A	1	PPP2CB
PPP2R1A	1	PPP2CA
PPP2R1B	1	PPP2CA
CDC25A	-1	RAF1
CDC25A	-1	MAPK3
BDKRB2	1	GNAQ
GRPR	1	GNAQ
OXTR	1	GNAQ
SSTR2	1	GNAI1
GNRHR	1	GNAQ
TLX1	-1	PPP2CB
TLX1	-1	PPP2CA
PRKAR1B	-1	PRKACA
PRKAR1B	-1	PRKACB
PRKAR2B	-1	PRKACB
SDC4	1	RAC1
AKT1	1	SH2B2
AKT1	0	CHEK1
AKT1	-1	CFLAR
AKT1	-1	HTRA2
AKT1	-1	BCL2L11
AKT1	1	ESR1
AKT1	0	NR3C1
AKT1	1	VIM
AKT1	0	AR
AKT1	0	RARA
AKT1	-1	SKI
AKT1	1	S1PR1
AKT1	-1	GATA2
AKT1	1	CDK2
AKT1	1	BRCA1
BRCA1	-1	AKT1
AKT1	-1	MAP2K4
AKT1	-1	YAP1
AKT1	1	CLK2
AKT1	-1	IRAK1
AKT1	1	USP14
AKT1	0	RAC1
AKT1	1	YWHAZ
AKT1	1	XIAP
AKT1	-1	BAX
AKT1	-1	STK4
AKT1	-1	PRKAA1
AKT1	-1	STK3
AKT1	-1	EZH2
AKT1	0	MAP3K11
AKT1	-1	GAB2
AKT1	-1	DAB2IP
AKT1	-1	SH3RF1
AKT1	1	TP53RK
AKT1	-1	MAP3K5
AKT1	1	WNK1
AKT1	0	RANBP3
AKT1	-1	RNF11
AKT1	0	TSC1_TSC2
AKT1	1	CHUK_IKBKB_IKBKG
AKT2	1	CHUK
AKT2	-1	HTRA2
AKT2	-1	STK3
AKT2	-1	FOXO3
AKT2	1	ESR1
AKT2	-1	BRAF
AKT2	1	EZR
AKT2	1	CREB1
AKT2	-1	PTPN1
AKT2	1	CTNNB1
AKT2	-1	CDKN1B
AKT2	-1	TSC2
AKT2	-1	FOXO1
AKT2	-1	GSK3B
AKT2	0	CASP9
AKT2	1	XIAP
AKT2	-1	FOXO4
AKT2	1	MDM2
AKT2	1	EP300
AKT2	-1	STK4
AKT2	-1	SH3RF1
AKT2	0	BAD
AKT2	-1	MAP3K5
AKT2	0	TSC1_TSC2
AKT2	1	CHUK_IKBKB_IKBKG
RYK	1	FZD8
STIP1	-1	HSP90AA1
STIP1	-1	HSP90AB1
CCKAR	1	GNAQ
CCKBR	1	GNAQ
GRK4	-1	BDKRB2
SSTR3	1	GNAI1
GTF2H1	-1	E2F1
CIITA	1	RFX5
CDH5	1	CTNNB1
TTK	-1	ABL1
NTF4	1	NTRK1
NTF4	1	NTRK2
GRK5	1	LRP6
GRK5	-1	TP53
GRK5	-1	BDKRB2
PTGER1	1	GNAQ
PRSS3	1	F2RL1
CTNNA1	-1	YAP1
CTNNB1	-1	PPARG
NF2	1	LATS1
NF2	1	LATS2
HRH1	1	GNAQ
ADRA1B	1	GNAQ
OPRM1	1	GNAI1
DRD3	1	GNAI1
IRS1	1	PIK3R1
IRS1	1	PIK3CB
TIMP3	-1	MMP14
GRK3	-1	BDKRB2
GRK3	-1	OPRM1
GRK3	0	CCR5
HNF1B	1	ATF1
PPM1A	-1	IKBKB
PPM1A	1	PIK3R1
PPM1A	-1	CDK9
PPM1A	-1	PAK1
PPM1A	-1	MAPK14
FLT4	-1	RPS6KA3
KDR	1	PIK3R1
KDR	1	GRB2
KDR	1	PTK2
TRIM23	1	TBK1
MAP2K2	-1	CASP9
PPP1CC	-1	AXIN1
TGFBR2	1	ZFYVE9
PPP1CC	-1	TP53
PPP1CC	-1	AKT1
PPP1CC	1	MDM2
FLT3	1	SHC1
FLT3	1	CTNNB1
FLT3	1	GRB2
BMPR1A	1	SMAD9
BMPR1A	1	BMPR2
BMPR2	1	BMPR1A
BMPR1A	1	SMAD1
BMPR1A	1	SMAD5
TGFBR1	1	PIK3R1
TGFBR1	1	RHOA
LTBR	1	TRAF2
RIPK1	1	TAB2
TGFBR2	1	PIK3R1
TGFBR2	1	VPS39
PPARG	-1	HDAC1
AVPR1A	1	GNAQ
GGCX	1	F2
GGCX	1	F9
GGCX	1	F7
CDKN1A	-1	CDK4
CDKN1A	-1	CDK3
CDKN1A	-1	CDK6
CDK6	-1	CDKN1A
CDKN1A	-1	CCNE2_CDK2
MMP12	-1	F12
IL6ST	1	SHC1
VHL	-1	CARD9
USP8	0	EGFR
ID1	-1	TCF3
OPRD1	1	GNAI1
WNT5A	1	LRP6
WNT5A	1	RYK
WNT5A	1	FZD3
PPP1R2	-1	PPP1CA
CSK	0	LYN
CSK	1	PTPRC
CSK	0	FGR
MAP3K8	1	PLK1
HTR2B	1	GNAQ
PRKCI	1	EZR
PRKCI	1	ECT2
STAT6	-1	STAT1
PIK3CA	1	BTK
MTOR	1	SGK1
MTOR	-1	IRS1
MTOR	1	STAT3
MTOR	1	GRB10
CASP3	1	NFKBIA
CASP3	-1	AKT1
CASP3	-1	BRCA1
CASP3	1	PSEN1
CASP3	1	STK4
CASP3	1	BAD
MATK	-1	LYN
TEC	1	BMX
TEC	-1	BTK
BTK	1	TEC
ABL2	1	CEBPB
ABL2	0	CRK
CDKN2B	-1	CDK4
GDF5	1	BMPR1B
PTGFR	1	GNAQ
PTGIR	1	GNAQ
GRK6	-1	BDKRB2
PTPN9	-1	GHR
ZAP70	1	SHC1
ZAP70	1	DUSP3
MAPK8	1	CDKN1A
ZAP70	1	SH2B3
SYK	-1	LCK
SYK	1	PRKCA
SYK	1	SHC1
SYK	1	IL15RA
SYK	1	MAP4K1
MMP13	-1	F12
MAPK8	-1	LAT
MAPK8	1	MYC
MAPK8	0	NR3C1
MAPK8	1	TP53
MAPK8	1	APP
MAPK8	0	RXRA
MAPK8	-1	NR4A1
MAPK8	-1	CDC25C
MAPK8	1	AKT1
MAPK8	-1	YWHAB
MAPK8	-1	PPARG
NCOA4	1	AR
MAPK8	1	MAPK9
MAPK8	1	PXN
MAPK8	1	FOXO4
MAPK8	0	HSF1
MAPK8	0	MCL1
MAPK8	1	STK4
MAPK8	1	IRF3
MAPK9	1	PSEN1
MAPK8	1	SIRT1
MAPK8	1	PKMYT1
MAPK9	1	ATF2
MAPK9	1	MYC
MAPK9	1	TP53
MAPK9	0	JUN
MAPK9	1	H2AX
MAPK9	1	ELK1
MAPK9	-1	RXRA
MAPK9	-1	CDC25C
MAPK9	0	IRS1
MAPK9	1	STAT3
MAP2K4	-1	RXRA
MAP2K4	1	MAPK14
CRK	1	CBL
CRK	1	PTK2
CRK	1	MAP4K1
CRK	1	MAP4K5
CRKL	1	PIK3CB
CRKL	1	MAP4K1
CDKN1B	-1	CCNE2_CDK2
IER3	-1	PPP2R5C
MAP2K3	1	DYRK1B
YAP1	1	CTNNB1
YAP1	1	SMAD1
CSN1S1	1	RELA
AVPR1B	1	GNAQ
MTNR1A	1	GNAI1
LEPR	1	PTPN11
PPP3CC	-1	FLNA
PPP3CC	0	DNM2
PPP3CC	1	BAD
CSNK1D	1	TP53
CSNK1A1	-1	FOXO3
CSNK1A1	0	YWHAQ
CSNK1A1	1	GSK3B
CSNK1A1	1	BID
CSNK1A1	0	YWHAZ
CSNK1A1	-1	FOXO4
CSNK1A1	0	FOXO1
CSNK1A1	-1	FADD
CSNK1A1	-1	DEPTOR
CSNK1D	-1	YAP1
CSNK1D	0	BACE1
CSNK1D	1	CDK5
CSNK1D	-1	HIF1A
CSNK1D	-1	WWTR1
PIK3CG	1	PDPK1
PXN	1	ILK
EEF2K	0	MAPKAPK2
MAPKAPK2	0	EEF2K
MAPKAPK2	1	PIAS1
MAPKAPK2	1	SRF
MAPKAPK2	1	TCF3
MAPKAPK2	1	PLK1
MAPKAPK2	0	YWHAZ
MAPKAPK2	1	MDM2
CDK8	-1	SMAD1
MTNR1B	1	GNAI1
CDK8	-1	SMAD3
FNTA	1	HRAS
FNTA	1	KRAS
FNTB	1	HRAS
FNTB	1	KRAS
SIK1	-1	CRTC2
CSNK1E	1	DVL2
CSNK1E	1	AXIN1
CSNK1E	-1	CTNND1
CSNK1E	1	APC
CSNK1E	0	CTNNB1
CSNK1E	-1	YAP1
CSNK1E	1	BID
CSNK1E	0	WWTR1
TMED10	1	PSEN1
NUMB	1	TP53
NUMB	-1	MDM2
MDM2	-1	NUMB
CLK1	-1	ABL1
CLK1	1	PTPN1
CLK2	1	PTPN1
PSEN1	1	NOTCH1
FHIT	-1	CTNNB1
GSK3A	-1	MYC
GSK3A	1	RELA
GSK3A	-1	MCL1
GSK3A	-1	NBR1
GSK3A	-1	CAMKK2
GSK3A	-1	GPSM3
GSK3B	-1	PHLPP1
GSK3B	0	CTNND1
APP	1	GSK3B
GSK3B	0	APP
GSK3B	1	ESR1
GSK3B	0	NR3C1
GSK3B	1	CDH1
GSK3B	0	CEBPB
GSK3B	1	NFKB1
GSK3B	1	APC
GSK3B	-1	CDC25A
GSK3B	1	CIITA
GSK3B	-1	CDKN1A
GSK3B	1	PPP1R2
GSK3B	1	NOTCH1
GSK3B	1	CEBPA
GSK3B	-1	PSEN1
GSK3B	1	TSC2
GSK3B	1	RCAN1
GSK3B	-1	ROR2
GSK3B	1	PRKCE
GSK3B	1	RELA
GSK3B	1	BAX
GSK3B	-1	MCL1
GSK3B	-1	GRB14
GSK3B	-1	NBR1
GSK3B	1	BORA
GSK3B	-1	MYOCD
GSK3B	-1	CAMKK2
GSK3B	-1	GPHN
STK19	1	NRAS
MRE11	1	NBN
GNAQ	1	ARHGEF12
MMP14	-1	F12
HTR6	1	GNAQ
DNM2	1	VAV1
CDK7	1	ESR1
CDK7	1	TP53
CDK7	-1	AR
CDK7	1	RARA
CDK7	1	CDK4
CDK7	1	RARG
CDK7	-1	E2F1
CDK9	-1	SMAD3
CDK9	1	NCOA2
CDK9	-1	RCHY1
DUSP3	-1	ERBB2
DUSP3	-1	MAPK3
IRAK1	1	STAT3
RPS6KA3	1	ESR1
RPS6KA3	1	CREB1
RPS6KA3	1	EIF2AK2
NR4A1	1	RPS6KA3
RPS6KA3	0	NR4A1
RPS6KA3	-1	GSK3A
NEK2	-1	PPP1CC
RAP1GDS1	1	RAC1
EFNA5	1	EPHA2
MAP2K6	1	MAPK9
MAP2K6	1	MAPK10
VAV2	1	RHOA
CHN2	-1	RAC1
EFNA3	1	EPHA2
PPP5C	-1	RAF1
PPP5C	-1	NR3C1
PPP5C	-1	MAP3K5
PLK1	-1	IKBKB
PLK1	1	BIRC5
PLK1	1	MYC
PLK1	1	NPM1
PLK1	1	VIM
PLK1	1	YY1
PLK1	-1	IRS1
PLK1	-1	FADD
PLK1	1	PIN1
PLK1	1	PLEKHG6
PLK1	1	OPTN
EEF2K	0	MAPK12
MAPK12	0	EEF2K
MAPK12	1	ATF2
MAPK10	-1	CDC25C
MAPK10	-1	YWHAZ
MAPK10	-1	DIABLO
USP14	1	CXCR4
PRKAG1	1	PRKAA2
PRKAA2	0	EEF2K
PRKAA2	1	TSC2
PRKAA2	-1	CRTC2
PRKAA2	1	TSC1
PRRX1	1	SRF
PTPN5	-1	FYN
PTPN5	0	MAPK14
PTPN5	1	BAK1
AFDN	1	RIT1
CASP7	1	PSEN1
CDH8	1	CTNNB1
CDH15	1	CTNNB1
MTCP1	1	AKT1
MTCP1	1	AKT2
WNT3	1	LRP6
WNT3	1	FZD3
WNT3A	1	LRP6
WNT3A	1	FZD2
WNT3A	1	FZD3
WNT3A	1	FZD1
WNT7B	1	FZD3
WNT7B	1	FZD1
BCAR1	1	PIK3R1
BCAR1	-1	SMAD3
NXPH1	1	NRXN3
GNG2	1	PLCG1
GNG2	1	PIK3CA
PTEN	-1	CREB1
PPP4C	-1	HDAC3
RAB2A	-1	PRKCI
PCBD1	1	HNF1B
RHOA	1	MAPK8
DCAF7	1	DYRK1A
DCAF7	1	DYRK1B
PPP1CA	-1	AURKA
PPP1CA	-1	AXIN1
PPP1CA	-1	MAPK3
PPP1CA	1	CDC25C
AKT1	0	PPP1CA
PPP1CA	-1	AKT1
PPP1CA	-1	BRCA1
PPP1CA	-1	STAT3
PPP1CA	-1	NEK2
PPP1CA	1	CASP9
PPP1CA	1	MDM2
PPP1CA	1	IFIH1
PPP1CB	-1	TP53
NCS1	-1	DRD2
NCS1	-1	GRK2
YWHAE	-1	CDKN1B
PPP2CB	-1	CHEK1
PPP2CB	-1	MYC
PPP2CB	0	TP53
GNB1	1	PIK3CA
PPP2CB	-1	MAPK1
PPP2CB	-1	AKT1
PPP2CB	-1	AKT2
PPP2CB	1	MDM2
PPP2CB	-1	PRKCD
PPP2CB	-1	PAK1
PPP2CB	-1	ATM
GRB2	1	CBL
GRB2	1	SOS2
GRB2	1	MAP4K1
GRB2	1	GAB2
RAC1	1	MAPK9
GNAI1	1	CDC42
PPP2R2A	-1	PPP2CA
GNGT1	1	PLCG1
GNGT1	1	PIK3CG
UBE2I	-1	MITF
PPP2CA	-1	CHEK1
PPP2CA	-1	MAP3K7
PPP2CA	1	FOXO3
PPP2CA	1	CHEK2
PPP2CA	1	RAF1
PPP2CA	0	TP53
PPP2CA	1	RB1
PPP2CA	-1	MAP2K2
PPP2CA	1	MDM2
PPP2CA	-1	MAP2K1
PPP2CA	-1	RELA
PPP2CA	-1	STK4
PPP2CA	-1	PAK1
PPP2CA	-1	STK3
PPP2CA	-1	MAPK15
PPP2CA	-1	MAP3K3
PPP2CA	-1	MKNK1
PPP2CA	-1	CARD11
PPP2CA	-1	RACGAP1
CSNK2B	0	BRCA1
CSNK2B	1	BID
CSNK2B	-1	SET
CSNK2A1	1	HDAC3
CSNK2A1	-1	DDX58
CSNK2A1	0	ESR1
CSNK2A1	0	TP53
CSNK2A1	-1	JUN
CSNK2A1	0	HSP90AA1
CSNK2A1	-1	CALM1
CSNK2A1	-1	MYB
CSNK2A1	1	ACE
CSNK2A1	-1	EGR1
CSNK2A1	1	YY1
CSNK2A1	0	NFKBIA
CSNK2A1	0	ARNT
CSNK2A1	-1	PML
CSNK2A1	1	CDC25B
CSNK2A1	-1	CDC25C
CSNK2A1	0	CTNNA1
CSNK2A1	1	MAPK9
CSNK2A1	1	MRE11
CSNK2A1	0	BID
CSNK2A1	-1	PTEN
CSNK2A1	-1	MAX
CSNK2A1	1	HSF1
CSNK2A1	-1	SET
CSNK2A1	-1	FKBP4
CSNK2A1	0	CAV1
CSNK2A1	1	PPP1R8
CSNK2A1	-1	G3BP1
CSNK2A1	1	TCOF1
CSNK2A1	1	HDAC1
CSNK2A1	0	SIRT1
CSNK2A1	1	OTUD5
CSNK2A1	1	TCF7L2
GTF2I	1	PRRX1
CSNK1G2	-1	SMAD3
PRKDC	0	NR3C1
PRKDC	1	TP53
PRKDC	0	JUN
PRKDC	0	HSP90AA1
PRKDC	1	SRF
PRKDC	1	USF1
PRKDC	1	AKT1
ADAM17	1	TGFA
ADAM17	1	TNF
ADAM17	1	HBEGF
ADARB1	1	EIF2AK2
DLK1	-1	NOTCH1
SIM1	0	ARNT
SMAD3	-1	CEBPB
SMAD3	-1	PAX8
ARHGAP8	-1	RHOA
ARHGAP4	-1	RAC1
FGD1	1	CDC42
CYCS	1	CASP9
CDK3	1	JUN
CDK3	0	RB1
CDK3	1	ATF1
CDK6	0	RB1
CDK5	1	HTRA2
CDK5	0	NR3C1
APP	0	CDK5
CDK5	1	APP
CDK5	-1	PPP1CA
CDK5	1	AR
CDK5	1	SRC
CDK5	1	EZR
CDK5	1	ERBB3
CDK5	1	STAT3
CDK5	0	PPP1R2
CDK5	1	PSEN1
CDK5	-1	HTR6
CDK5	0	MAPK10
CDK5	1	PTK2
CDK5	-1	PMAIP1
CDK5	-1	CAMKK2
CDK5	1	PPP1R1B
CDK5	1	TLN1
MDM2	-1	EP300
IL5RA	1	SOX4
CDR2	1	MYC
ROR1	1	SRC
ROR2	1	MAPK8
PRKCE	-1	CTNND1
PRKCE	0	FGFR1
PRKCE	1	ATF2
PRKCE	0	FGFR2
PRKCE	1	SHC1
PRKCE	1	STAT3
PRKCE	0	OPRD1
PRKCE	1	TICAM2
PRKCE	-1	BAD
ID2	-1	TCF3
APBA1	1	CASK
APBA1	1	NRXN1
MAP2K1	-1	IRS1
MAP2K1	1	GSK3B
MAP2K1	-1	CASP9
FKBP4	1	AR
CREB5	1	JUN
CREB5	1	ATF2
MECOM	-1	SMAD3
CFHR1	-1	CFH
RELA	1	JUN
RELA	1	EGR1
PRKCQ	1	FOSL1
PTPN12	-1	PSTPIP1
PTPN12	-1	INSR
PTPN12	-1	SRC
PTPN12	-1	SHC1
PTPN12	-1	BCAR1
PTPN12	-1	PTK2
PTPN12	-1	PTK2B
PTK2	1	PIK3R1
PTK2	0	CTNNB1
PTK2	1	TLN1
PRKCZ	-1	MARK3
PRKCZ	1	RELA
PRKCZ	-1	BAX
PRKCZ	0	TRAF2
PRKCZ	1	STK11
PRKCZ	-1	MARK2
PRKCZ	0	AKT3
PRKCD	1	TP53
PRKCD	1	ADRA2A
PRKCD	0	SRC
PRKCD	1	GRK2
PRKCD	-1	MARCKS
PRKCD	1	PEBP1
PRKCD	-1	BDKRB2
PRKCD	-1	CTNNB1
PRKCD	0	IRS1
PRKCD	1	MAPK8
PRKCD	-1	CHN2
PRKCD	-1	CXCR4
PRKCD	-1	EP300
PRKCD	-1	TRIM28
PRKCD	1	PRKD1
PRKCD	0	CREBBP
PRKCD	-1	PTPN22
PTPN11	-1	EGFR
PTPN11	1	NRAS
PTPN11	1	HRAS
PTPN11	1	KRAS
PTPN11	-1	ERBB2
PTPN11	-1	IRS1
PTPN11	1	MAP3K5
BTK	1	BMX
BTK	1	ITK
ITK	-1	BTK
KHDRBS1	-1	CREBBP
SOS2	1	HRAS
TNK2	1	SNX9
ARHGAP1	-1	CDC42
ARHGAP1	-1	RHOA
PPP3CA	-1	FLNA
PPP3CA	0	DNM2
ITK	1	TEC
ITK	1	BMX
DMPK	1	SRF
EP300	1	DUSP1
EP300	0	SMAD3
ARHGEF5	1	RHOA
FOXO1	-1	STAT3
AKAP13	1	RHOA
POU4F2	1	ESR1
PTPRJ	1	EGFR
PTPRJ	-1	RET
PTPRJ	-1	MET
PTPRJ	-1	PDGFRB
PTPRJ	-1	MAPK3
PTPRJ	-1	PIK3R1
PTPRJ	-1	MAPK1
PTPRJ	-1	KDR
PTPN13	0	NFKBIA
TRAF2	1	MAP4K2
RALGDS	1	RIT1
ABR	-1	RAC1
BNIP2	1	CDC42
ARHGAP5	-1	RHOA
STK4	1	FOXO4
STK4	1	FOXO1
STK4	1	MOB1B
STK4	1	MOB1A
DUSP4	-1	MAPK9
DUSP4	-1	MAPK14
RLF	1	RIT1
PRKAA1	0	EEF2K
PRKAA1	1	CDKN1B
PRKAA1	-1	EP300
PRKAA1	-1	CRTC2
PRKAA1	1	TET2
PAK1	1	AURKA
PRKAA1	1	PRKAB1
PPFIA1	1	PTPRF
PAK1	1	ESR1
PAK1	1	ARAF
PAK1	1	FLNA
PAK1	0	NF2
PAK1	1	MAP3K1
PAK1	1	ILK
PAK1	1	CTTN
PAK1	0	NET1
PAK1	-1	HACE1
MAPK7	1	SGK1
MAPK8IP2	1	MAP2K7
MAPK7	1	ETS1
MAPK7	-1	PML
PAK2	1	PRL
PAK2	1	JUN
PAK2	0	NF2
PAK2	-1	CASP7
PAK2	0	MKNK1
STK3	1	NEK2
STK3	1	MOB1B
STK3	1	MOB1A
CBLB	-1	KIT
CBLB	1	NCK1
CBLB	-1	FLT3
SEMA3B	1	NRP2
DNAJC3	-1	EIF2AK2
MAP3K1	1	MAP2K6
MAP3K1	1	MAP2K1
MAP3K1	-1	FADD
SLA	-1	EPHA2
NOG	-1	BMP2
NOG	-1	BMP4
NOG	-1	BMP7
IL15RA	1	IL2RB
IL15RA	1	JAK1
IL15RA	1	TYK2
IL15RA	1	JAK3
SEMA3F	1	NRP2
G3BP1	-1	DDX58
ATM	1	CHEK1
ATM	-1	PPP1R2
ATM	1	EP300
ATM	1	SMAD1
ATM	1	HIF1A
ATM	1	ABRAXAS1
ATM	1	TAOK1
ATM	1	FBXW7
ATM	-1	DAXX
EIF3I	1	TGFBR2
PPP2R5C	1	ATF1
SNTA1	1	NOS1
TCOF1	1	NBN
MYO9B	-1	RHOA
ROCK1	0	VIM
ROCK1	1	MAPK8IP3
FZD5	1	DVL1
FZD5	1	DVL2
FZD5	1	LRP5
BIRC3	1	BIRC2
PRPF4B	1	ELK1
PIN1	1	MYC
PIN1	1	IRS1
ATR	1	NBN
ATR	1	CHEK2
ATR	0	CREB1
ATR	1	PRKDC
ATR	-1	MDM2
RIPK1	0	TRAF6
CAMK2B	-1	ETS1
CAMK2B	-1	CTNNB1
CAMK2B	1	STAT1
CAMK2B	-1	GSK3A
CAMK2B	1	PRKAA1
CAMK2B	1	CYLD
CAMK2G	1	MAP3K7
CAMK2G	-1	EGFR
CAMK2G	1	ATF1
CAMK2G	0	FLNA
CAMK2G	1	STAT1
CAMK2G	-1	NCOR2
CAMK2D	0	VIM
CUL1	-1	CTNNB1
CUL1	0	CDKN1B
RIN1	0	HRAS
DYRK1A	-1	SPRY2
DYRK1A	1	TP53
DYRK1A	-1	CCND1
DYRK1A	1	RCAN1
DYRK1A	0	FOXO1
IL10RA	1	JAK2
RUNX3	-1	NOTCH1
NCOA4	1	PPARG
PTK6	1	AKT1
PTK6	1	STAT5B
PTK6	1	BCAR1
PTK6	1	ARHGAP5
PTK6	1	ARAP1
SNTB1	-1	MAPK12
CBFB	1	RUNX1
PRKG1	1	SRF
PRKG1	-1	HRH1
PRKG1	0	VASP
PRKG1	1	GTF2I
CAMK1	1	ATF1
CAMK1	-1	NOS1
CAMK1	0	CDKN1B
CAMK1	-1	NUMB
MELK	0	CDC25B
IKBKE	0	CDK2AP1
IKBKE	-1	FOXO3
IKBKE	1	ESR1
IKBKE	1	STAT1
DOCK1	1	RAC1
SIM2	1	ARNT
FHL2	1	AR
E2F2	1	TFDP1
PTK2B	1	PTK2
PTK2B	1	STAP1
FZD2	1	DVL1
FZD2	1	DVL2
FZD2	1	LRP5
FZD2	1	DVL3
GNA13	1	ARHGEF12
GRB14	-1	INSR
NBR1	1	GABARAPL2
NBR1	1	SQSTM1
NBR1	1	MAP1LC3A
TRIP12	-1	CDKN2A
MDC1	1	NBN
LTBP1	0	TGFB1
CASP8	1	PSEN1
KPNB1	1	SMAD3
PRKD1	1	CDH1
PRKD1	0	PLCG1
PRKD1	1	CTNNB1
PRKD1	-1	RIN1
PRKD1	-1	CTTN
PRKD1	-1	BAD
PPP2R5B	-1	BCL2
PPP2R5B	-1	AKT1
PPP2R5B	1	CASP3
PTGES3	1	HSP90AA1
STK38	-1	YAP1
STK38	1	AAK1
PTPRR	-1	STAT3
PTPRR	-1	PXN
PTPRR	-1	MAPK7
PTPRR	-1	MAPK14
PTPRK	-1	EGFR
RET/PTC2	1	STAT3
ERBB4	1	PIK3CA
ERBB4	1	PIK3CB
ERBB4	1	PIK3CG
ERBB4	1	GRB2
RPS6KA2	-1	NR4A1
RPS6KA2	-1	NFKBIA
RPS6KA2	0	BAD
PCBP2	-1	MAVS
PCBP2	1	ITCH
RPS6KA1	0	MITF
RPS6KA1	1	ESR1
RPS6KA1	1	FLNA
RPS6KA1	-1	CDC25A
RPS6KA1	1	CDC25B
RPS6KA1	-1	IRS1
RPS6KA1	-1	VASP
RPS6KA1	-1	STK11
RPS6KA1	-1	DEPTOR
RPS6KA1	0	RANBP3
STIL	1	PIN1
NCOA2	1	NR3C1
TRADD	1	TRAF1
TRADD	1	BIRC2
TRADD	1	CASP8
TPSAB1	1	F2RL1
PTPN14	-1	BCAR1
MAPK11	-1	EGFR
MAPK11	1	TP53
MAPK11	1	TCF3
NCOA1	1	ESR1
STK11	1	NUAK1
STK11	1	TP53
STK11	1	MARK3
STK11	1	PRKAA2
STK11	1	SIK1
STK11	-1	PTEN
STK11	1	PRKAA1
STK11	-1	PAK1
STK11	1	MELK
STK11	1	BRSK2
STK11	1	BRSK1
STK11	1	NUAK2
STK11	1	SIK2
STK11	1	SIK3
EZH2	1	AR
PKN1	-1	EGFR
PKN1	1	AR
MARCKS	1	PKN1
PKN1	0	MARCKS
PKN1	0	CDC25C
PKN1	-1	FOXO1
FYN	1	PIK3CA
LYN	1	PIK3CA
SYK	1	PIK3CA
CRK	1	DOCK1
RAC1	0	RHOA
VAV2	1	PLCG1
EZR	1	RHOA
VAV3	1	PLCG1
PRNP	1	CAV1
C3	1	CR2
PDGFA	1	PDGFRB
TNF	1	LTBR
EGFR	1	JAK1
MAP3K5	1	MAPK8
CDK5	-1	MAP2K1
TRPM7	0	EEF2K
PRKAA1	1	TSC2
YWHAZ	0	RAF1
YWHAQ	-1	RAF1
YWHAB	-1	RAF1
CCNA2	-1	RB1
CCNA2	1	TP53
YWHAZ	-1	BRAF
DLG1	1	PTEN
MAGI1	1	PTEN
HCK	1	BCR
MAP2K4	1	MAPK12
PAK1	1	BRAF
CTTN	1	NCK1
SLC9A3R1	1	PTEN
YWHAG	-1	ARAF
YWHAG	-1	BRAF
CDK6	1	CTNNB1
FER	1	CTTN
CAMK2B	1	CREB1
CAMK2D	1	CREB1
CAMK2G	1	CREB1
MAPK9	1	FOS
PRKCB	1	BRAF
CAMK1G	1	CREB1
MAP2K7	1	MAPK14
MAPK1	1	ESR2
MAPK3	1	CREB1
MAPK1	1	CREB1
MAP2K1	0	PPARG
IRF3	1	CREBBP
CALM1	1	CAMK2G
CAMK2G	0	CALM1
YWHAG	-1	RAF1
PDGFRA	1	GRB2
HRAS	1	RALGDS
YWHAB	-1	BRAF
SLC9A3R1	1	EZR
RAF1	0	RB1
TICAM1	1	TRAF3
EGFR	1	PIK3CA
RCHY1	-1	TP53
VLDLR	1	DAB1
MAP2K1	1	MAPK14
GAB1	1	PIK3CB
SKP1	0	NFKBIA
CALM3	1	CAMK2D
CALM1	1	CAMK2D
CALM2	1	CAMK2D
CALM3	1	CAMK2B
CALM1	1	CAMK2B
CALM2	1	CAMK2B
CALM3	1	CAMK2G
CALM2	1	CAMK2G
CALM3	1	CAMK1
CALM1	1	CAMK1
CAMK1	0	CALM1
CALM2	1	CAMK1
CD8A	1	LCK
KIT	1	PIK3CA
MAP2K3	1	MAPK3
HRAS	1	MAP3K1
IL2RB	1	JAK3
KRAS	1	RALGDS
MAPK13	1	ATF2
MAP2K4	1	MAPK11
IRF3	1	EP300
JAK3	0	STAT6
RPS6KA5	1	ATF2
KRAS	1	ARAF
YWHAQ	-1	BRAF
TNFRSF14	1	TRAF2
YWHAE	-1	RAF1
YWHAZ	-1	ARAF
MED14	1	NR3C1
YWHAE	-1	ARAF
PRKN	1	TOMM70
ESR2	1	SRC
PDGFRB	1	PIK3CA
PIK3CA	1	PRKCD
PIK3CB	1	PRKCD
FGFR3	1	GRB2
FGFR1	1	GRB2
DNAJB1	-1	DNAJC3
TADA3	1	EP300
MAPK11	1	JUN
JAK2	1	STAT2
CXCR4	1	GNA13
CCR5	1	GNAQ
AKT1	1	ESR2
SKP2	1	RB1
VDAC2	1	CYCS
